,food,green,wood,paper_cardboard,textiles,total
1990-01-01,0.0,0.0,0.0,0.0,0.0,0.0
1990-02-01,0.0,0.0,0.0,0.0,0.0,0.0
1990-03-01,0.0,0.0,0.0,0.0,0.0,0.0
1990-04-01,0.0,0.0,0.0,0.0,0.0,0.0
1990-05-01,0.0,0.0,0.0,0.0,0.0,0.0
1990-06-01,0.0,0.0,0.0,0.0,0.0,0.0
1990-07-01,0.0,0.0,0.0,0.0,0.0,0.0
1990-08-01,2514.494427292007,601.5664312630665,755.2634009387289,1606.1231194804232,201.5664176123347,5679.013796586561
1990-09-01,7063.696372488075,1689.937419480023,2121.7635358445937,4512.146636176024,566.2763540615391,15953.820318050255
1990-10-01,9712.285741132002,2324.0680075488535,2919.1262871713925,6209.090899251058,779.40321599578,21943.974151099086
1990-11-01,11801.890471565062,2824.692796400781,3549.441024202406,7551.400909247516,948.100092277028,26675.525293692797
1990-12-01,14588.339833426522,3492.3196324100745,4390.155205544232,9341.919334112565,1173.1445228788266,32985.878528372225
1991-01-01,17050.678285588183,4082.6444076178414,5134.4183516296125,10927.970593128957,1372.6095964408153,38568.32123440541
1991-02-01,17615.235718630476,4218.712414470243,5307.781508204173,11299.342034956879,1419.5562816873667,39860.62795794914
1991-03-01,19427.921254413224,4654.621541647571,5860.71562061107,12481.228822993864,1568.6403596422908,43993.12759930802
1991-04-01,21076.428149947293,5050.671266216378,6362.148362713615,13552.045656738494,1703.5911227455774,47744.88455836136
1991-05-01,24204.151200010907,5801.325809719139,7310.598412416166,15575.416297791944,1958.330410860018,54849.82213079818
1991-06-01,25678.999437259205,6156.151933573725,7761.096039247346,16538.80084051538,2079.910643659765,58214.958894255426
1991-07-01,28940.636470833044,6939.438580241904,8752.025138166886,18654.129273738505,2346.3957015694455,65632.62516454978
1991-08-01,31332.492884972424,7514.533665492826,9481.310874968554,20212.78319411358,2542.9853315624596,71084.10595110984
1991-09-01,34833.902951711105,8354.385999904089,10541.260551819983,22472.77083342562,2827.3595949699093,79029.6799318307
1991-10-01,38290.47958525137,9185.240945113324,11594.281348206821,24722.696256837928,3111.0598971845493,86903.75803259399
1991-11-01,39341.011478796674,9439.209066256979,11919.833503373779,25422.20131243919,3199.7560492598113,89322.01141012645
1991-12-01,42928.724561790485,10302.086333757998,13014.714670409618,27762.935355346395,3495.079673629058,97503.54059493357
1992-01-01,45147.27743934424,10836.74470085081,13695.855602496851,29222.05020747791,3679.5389127303188,102581.46686290012
1992-02-01,44410.95026896023,10662.198905623567,13480.832983018941,28769.242439536534,3623.2773252873394,100946.50192242663
1992-03-01,47286.06733413365,11356.956623262045,14370.637293907126,30680.312766539155,3865.493873753603,107559.46789159557
1992-04-01,50352.010170239344,12093.250609075172,15302.1916749633,32669.045590154095,4116.055644246244,114532.55368867815
1992-05-01,51817.60749153508,12450.350738784819,15766.966684014393,33675.10424693014,4244.550731373298,117954.57989263772
1992-06-01,54718.94823789412,13147.372128205874,16649.501204885517,35559.91783342595,4482.113301333591,124557.85270574504
1992-07-01,56311.654143585605,13535.599284335432,17155.19818199618,36655.002263481816,4622.035981915733,128279.48985531477
1992-08-01,58574.3096789041,14082.359713930162,17855.529039359622,38159.2843346398,4812.719965328922,133484.2027321626
1992-09-01,61138.672602538645,14698.870597474037,18637.282961689936,39830.13100662724,5023.476641507964,139328.43380983782
1992-10-01,65348.13995486708,15132.91176362702,19932.325741117824,41056.71866402174,5374.69179948129,146844.78792311496
1992-11-01,65402.45192527378,15730.27332432598,19961.1502646228,42676.72510346527,5384.691495200783,149155.29211288865
1992-12-01,69736.02521762068,16775.864448430024,21296.4029989887,43990.97496775065,5747.1830639198515,157546.4506967099
1993-01-01,72149.00406393324,17359.866444511645,22046.798559510364,47154.931087644945,5952.14726291136,164662.74741851157
1993-02-01,67164.47851459483,16163.834099774846,20536.29707352424,43933.2791829014,5546.646348222789,153344.53521901811
1993-03-01,74075.99991950185,17834.003128150478,22675.650243379077,48528.60535860023,6129.164045642944,169243.42269527458
1993-04-01,73731.23372290528,17754.74268138477,22584.455805176745,48343.76412620506,6107.12867190943,168521.32500758127
1993-05-01,78384.18933332484,18878.777004144547,24023.450849220862,51433.96530352418,6498.7649005439325,179219.14739075836
1993-06-01,77882.72831663283,18761.94577206621,23884.89622090661,51148.227450974875,6464.046121396339,178141.84388197685
1993-07-01,82656.41636829186,19915.69886638951,25363.367103346493,54324.75198079241,6866.820243268969,189127.05456208927
1993-08-01,84820.64833028047,20441.294403225053,26043.347238801627,55792.63479807039,7053.8218941849,194151.74666456244
1993-09-01,86377.28575947593,20816.434398092377,26521.464207458706,56817.26582013138,7183.42629173,197715.87647688837
1993-10-01,91333.54143859842,22015.150004270236,28059.723922335572,60124.607649586775,7603.089130537379,209136.11214532837
1993-11-01,90455.48382582993,21807.887568433478,27806.83675796062,59594.93429294575,7537.660708989963,207202.80315415974
1993-12-01,95530.39660215256,23035.869359985336,29384.126813107414,62987.7964427564,7968.379992354295,218906.56921035598
1994-01-01,97649.73731020422,23551.642849644275,30054.20312933086,64437.33493378011,8153.432133037044,223846.3503559965
1994-02-01,90105.89420966739,21736.53445201651,27749.165642212647,59507.39270576411,7531.179664703328,206630.16667436395
1994-03-01,99378.18858776006,23982.516834778253,30639.913923899185,65731.73754034715,8322.116234608518,228054.47312139315
1994-04-01,98119.7885058579,23683.735764350327,30270.8409057819,64953.66053810256,8225.350654022006,225253.3763681147
1994-05-01,103489.12448144323,24984.409951746544,31945.278456151595,68559.61117905707,8683.648572122465,237662.07264052093
1994-06-01,102081.25512780852,24649.61118873456,31530.347322263,67683.34848308851,8574.478571512054,234519.04069340666
1994-07-01,107565.85184413471,25978.7965454566,33243.02978768725,71373.34219462897,9043.673548946477,247204.69392085398
1994-08-01,109624.52829497933,26481.263646942207,33899.621595584395,72797.8414311753,9226.058017614108,252029.31298629538
1994-09-01,110279.3229393815,26639.268947745895,34101.743675393955,73232.04012721748,9281.131518555623,253533.50720829447
1994-10-01,115931.01966937797,28009.865748548058,35870.17859267352,77044.768676161,9766.26840620509,266622.1010929657
1994-11-01,114158.62382008723,27587.095465467508,35342.9062081939,75927.61583473181,9626.61983465147,262642.8611631319
1994-12-01,119923.19063980987,28985.67065939992,37149.029028460456,79823.33718872195,10122.540181574983,276003.76769796724
1995-01-01,121939.1651416955,29478.74789674981,37796.05764787967,81230.03424640997,10303.023272905753,280747.0282056407
1995-02-01,111951.76485857366,27069.627046492562,34721.05294823093,74636.39506522362,9468.627725531087,257847.46764405185
1995-03-01,123472.095787206,29866.664706224605,38338.09230150652,82443.20089173944,10463.03819883849,284583.091885515
1995-04-01,121337.66677772379,29356.35066330337,37698.578386194524,81084.89052975833,10292.816131716587,279770.30248869665
1995-05-01,127382.53787790616,30824.471790357813,39598.559201186596,85187.49797843219,10815.644248786302,293808.711096669
1995-06-01,125105.92933885564,30279.72493167322,38914.76444662757,83733.90375738709,10633.324028628911,288667.64650317247
1995-07-01,131260.43981645838,31775.102658752854,40851.67475396932,87918.07042094546,11166.780155005392,302972.06780513143
1995-08-01,133218.70875918464,32255.459034285173,41485.682666099274,89300.46825534139,11344.661440060616,307604.98015497107
1995-09-01,133015.64401041775,32205.884114345434,41421.30258637825,89161.684537736,11327.044218792296,307131.5594676697
1995-10-01,139328.86473101127,33740.7989043829,43411.99592578605,93464.86337132148,11876.038595258076,321822.56152775977
1995-11-01,136705.74803568446,33112.003662022005,42619.77568663233,91777.59368782825,11664.002375731177,315879.12344789825
1995-12-01,143126.3340742151,34673.66571904757,44646.86066431574,96161.31251051815,12223.513966218748,330831.6869343153
1996-01-01,144647.68856214004,35049.0206821453,45147.94131296997,97259.96862311411,12365.662291601677,334470.2814719711
1996-02-01,137098.61793792492,33226.2262241411,42816.65735194916,92256.09355543209,11731.817732751824,317129.41280219913
1996-03-01,145974.23473193252,35391.27466316888,45642.77694986844,98384.43993957847,12516.09123526025,337908.81751980854
1996-04-01,145453.0838248679,35263.78562539469,45475.97032571705,98022.89444171137,12469.893598737486,336685.6278164285
1996-05-01,149686.79066809395,36305.08567183808,46857.216552969854,101041.55567695263,12859.178925012102,346749.8274948666
1996-06-01,149030.8059125342,36144.77817707221,46647.778523388675,100587.81300399778,12801.216013023808,345212.3916300167
1996-07-01,153368.64960928998,37212.09294566494,48064.616199059295,103685.46211528193,13200.844567420321,355531.66543671646
1996-08-01,155221.14055158882,37668.782761882925,48673.45236201645,105019.63709800408,13373.382259892413,359956.3950333847
1996-09-01,154272.60774048732,37437.607774658936,48372.79856899778,104369.49619910453,13290.464758436243,357742.9750416848
1996-10-01,161192.92706075936,39124.19214354427,49842.03045226568,109133.18747210455,13899.758876019348,373192.0960046932
1996-11-01,157763.49579012272,38299.10790384093,49523.71363201918,106894.19886915402,13617.305490792376,366097.8216859292
1996-12-01,164785.4244832319,40011.13140549716,51027.90237442171,111735.63955084058,14236.802927283348,381796.9007412747
1997-01-01,167056.03169251204,40570.157407604805,52500.309187331186,113362.92127408728,14447.019524928404,387936.4390864637
1997-02-01,152523.69996805507,37047.99759395066,47961.04958742132,103581.86938855136,13203.159945515381,354317.7764834938
1997-03-01,168219.06216543677,40876.07562066174,52957.35554740355,114416.30935255664,14589.776983501939,391058.57966956066
1997-04-01,164451.35401194973,39968.46106158696,51802.34949698555,111943.80227966198,14277.452234100061,382443.41908428434
1997-05-01,171743.85433206742,41748.210469444624,54128.545946035985,116992.15493932096,14924.102445216762,399536.8681320858
1997-06-01,167847.93485203566,40809.23143519628,52932.38411134711,114430.19220862813,14600.304613097243,390620.0472203044
1997-07-01,175239.2030414946,42613.78677466109,55292.88202626702,119555.0752094986,15257.029470785888,407957.97652270715
1997-08-01,177011.108835357,43052.797650232445,55884.02570682417,120856.96629617305,15426.235193513287,412231.1336820999
1997-09-01,175215.79883731122,42615.062340318225,55313.824558916735,119622.51953011143,15268.576404886137,408035.7816715438
1997-10-01,182756.85297641065,44457.24019498182,57726.36435800183,124863.54259972884,15940.594773266877,425744.59490239003
1997-11-01,178554.74065971564,43443.192792023336,56431.273121100814,122086.08944415383,15589.100870951603,416104.3968879452
1997-12-01,186192.9428867501,45309.81579451486,58877.74424818817,127402.96220221622,16271.123521286683,434054.58865295607
1998-01-01,187928.0945824106,45740.622562974895,59460.27793561199,128688.58329543652,16438.565251596814,438256.1436280308
1998-02-01,171302.09730867136,41701.74216263933,54230.655209154975,117393.10065330242,14998.653267722499,399626.2486014906
1998-03-01,188929.83950869564,46010.680113834766,59880.09257898069,129672.16559704833,16573.835894737545,441066.61369329697
1998-04-01,184415.43631904124,44919.994597973266,58483.797306230255,126674.03349763952,16193.948208705166,430687.2099295895
1998-05-01,192295.5848897766,46847.53075552305,61014.92133858537,132180.26349864216,16900.963791626335,449239.26427415345
1998-06-01,187658.80676556766,45726.760763941915,59578.7589579484,129095.0485363272,16509.852125292637,438569.2271490778
1998-07-01,195633.32272995776,47678.111428190576,62143.13150322095,134675.81802385236,17226.72777253531,457357.11145775695
1998-08-01,197318.80698567914,48097.80381154223,62713.942349107485,135939.2313268285,17391.75569604692,461461.5401692043
1998-09-01,194785.13060790993,47478.70236793046,61903.80277760142,134181.1180734485,17166.658564153797,455515.4123910442
1998-10-01,202895.5636894406,49464.44745793964,64516.44727951859,139870.37894521377,17897.920301151324,474644.7576732639
1998-11-01,197961.22919712495,48270.39277790993,62982.816997762086,136571.87823750853,17479.26923071566,463265.5864410211
1998-12-01,206164.072365877,50279.5073612955,65628.22576880302,142334.74709277655,18220.28824237184,482626.840831124
1999-01-01,207814.5949746063,50691.35662713962,66190.72275169988,143582.37124389532,18383.595725911306,486662.6413232524
1999-02-01,189187.98240408232,46156.31534212278,60291.722704638676,130811.32179920553,16751.72874836561,443199.07099841494
1999-03-01,208656.2611558164,50925.53333041098,66572.56718319209,144493.90371254482,18511.0221746414,489159.28755660565
1999-04-01,203424.6261839745,49658.16063180282,64941.16189510601,140981.1507972891,18064.668311763806,477069.7678199362
1999-05-01,211857.85610407055,51725.56022378101,67668.36381713786,146927.87586341606,18830.073232629697,497009.7292410352
1999-06-01,206509.81453342145,50429.426849791045,65998.46263946714,143330.61378167325,18372.77251127861,484641.09031563153
1999-07-01,215032.8094644132,52519.59304415004,68757.76950088324,149349.6753519777,19147.794049936892,504807.64141136105
1999-08-01,216636.08701014426,52920.816997586866,69308.94685148397,150575.74806162296,19308.747324462885,508750.3462453009
1999-09-01,213400.05480592008,52128.32998687042,68267.12143858275,148309.44500455575,19017.87690793169,501122.82814386074
1999-10-01,222052.09789118243,54251.32499234374,71072.98812537316,154433.69624938304,19806.919289563113,521617.02654784545
1999-11-01,216421.2521201445,52885.183808722286,69309.0232499153,150629.54727194662,19322.769167395883,508567.7756181246
1999-12-01,225161.19836693606,55030.51998462499,72146.52728745533,156825.2310477279,20121.32791502213,529284.8046017664
2000-01-01,226111.7350922755,55272.81355978922,72491.07104583883,157604.18893763647,20225.191742481424,531705.0003780215
2000-02-01,212984.8618895781,52073.28609276897,68319.99785929159,148563.8792729393,19068.728499082237,501010.7536136602
2000-03-01,226773.2723454183,55466.424573487624,72829.46909831997,158432.61397944443,20343.475416314606,533845.255412985
2000-04-01,223315.2574766466,54617.44330698817,71707.79328885044,155986.5586062816,20028.758764170147,525655.811442937
2000-05-01,229815.30071336502,56230.23516252934,73885.78131715288,160790.23819935333,20654.01685708402,541375.5722494846
2000-06-01,226246.82417067577,55353.82638941967,72727.02795800655,158262.38218747888,20328.651431045535,532918.7121366264
2000-07-01,232832.19659841247,56988.36281164127,74935.97330357731,163136.14684039232,20963.27157775302,548855.9511317763
2000-08-01,234348.87317458238,57369.81932758214,75465.26780045705,164319.45036995033,21119.389827183033,552622.800499755
2000-09-01,230524.22459309606,56430.59758387152,74223.61394604054,161610.77816106458,20770.74494109159,543559.9592251644
2000-10-01,237234.09943056796,58678.02364401844,77206.98595536815,168137.2416914869,21419.166369657614,562675.517091099
2000-11-01,233382.3227886591,57150.18313437842,75224.17155496424,163849.98874629123,21066.482682250182,550673.1489065433
2000-12-01,240175.38836757818,59418.85774892396,78237.93360132846,170445.40982208768,21724.136456076176,570001.7259959945
2001-01-01,244759.3338952513,59957.02204726477,78975.31944843223,172084.14084441197,22133.497809037206,577909.3140443974
2001-02-01,222409.91963079688,54491.91725087847,71802.98403915181,156485.4230633092,20131.05994004683,525321.3039241832
2001-03-01,245296.8824151185,60122.432382835475,79283.00543537688,172853.4605531672,22245.25614919591,579801.036935694
2001-04-01,238726.70641552433,58522.9183092489,77203.16599896632,168351.97589395387,21670.266710631,564475.0333283244
2001-05-01,248180.28316359612,60850.36699486183,80300.6582959164,175137.05312148805,22547.663115219962,587016.0246910823
2001-06-01,241505.21614958227,59224.67239208364,78185.0569265486,170556.26002780572,21962.295739201043,571433.5012352213
2001-07-01,251039.57769650413,61572.82346043472,81312.35230599939,177409.181974704,22848.80472499378,594182.740162636
2001-08-01,252490.27399128437,61939.51274768697,81826.26528288734,178563.85160318014,23001.908026007513,597821.8116510463
2001-09-01,247950.62155185547,60822.80691009686,80344.70014702679,175325.78257869883,22584.322757707483,587028.2339453853
2001-10-01,257607.9296806466,63202.449613088305,83517.30253736347,182281.82705831248,23484.681851894482,610094.1907413054
2001-11-01,250684.31155293348,61514.51876007863,81316.16260704574,177510.7720618229,22874.345198572002,593900.1101804528
2001-12-01,260421.1576823061,63914.57974184767,84518.26345707738,184534.08914880443,23783.756538620633,617171.8465686563
2002-01-01,261841.7620185273,64274.41633912897,85024.69123920581,185674.32855197936,23935.263710678657,620750.4618595202
2002-02-01,237779.9258189917,58378.08542796122,77252.5562498038,168733.11802581488,21755.50280193005,563899.1883245017
2002-03-01,262248.5301065699,64410.148712934286,85300.28269730812,186382.23797297972,24040.30060636527,622381.5000961573
2002-04-01,255068.33704048116,62658.009003517975,83010.96329790744,181415.09363725787,23404.233445452337,605556.6364246167
2002-05-01,265004.1650980814,65109.1442914036,86286.85477853141,188606.72023815894,24336.298078029802,629343.1824842051
2002-06-01,257723.78006452008,63331.87594557235,83962.87660328716,183562.34036708873,23690.0750428463,612270.9480233146
2002-07-01,267736.86948998086,65802.9027577715,87267.67293348329,190820.07753158448,24631.061427855682,636258.5841406758
2002-08-01,269116.8098187462,66153.45588480793,87763.90939360549,191940.6204280096,24780.384499862295,639755.1800250316
2002-09-01,263972.63415982726,64885.26032649911,86073.7518191498,188238.10090302775,24301.778495945582,627471.5257044496
2002-10-01,274096.1103060697,67384.82045808353,89420.31687587424,195591.69664206397,25255.74320614169,651748.6874882332
2002-11-01,266572.99940736394,65546.53489675588,87011.80106836147,190358.51393216912,24584.640234992024,634074.4895396425
2002-12-01,276772.13440756896,68065.61484504491,90386.84999256262,197777.39406468585,25547.43368960896,658549.4269994713
2003-01-01,278123.4503126007,68409.61680595687,90875.85870109707,198883.9332040404,25695.20004054135,661988.0590642365
2003-02-01,252423.64896001143,62098.85750995486,82521.79504203488,180634.01235066308,23341.75107316226,601020.0649358265
2003-03-01,278399.15701837814,68515.37897821733,91118.44044374613,199527.94015698004,25793.139215701674,663354.0558130234
2003-04-01,270631.7442765358,66615.6577362228,88624.7262221179,194104.36811149196,25096.93097171487,645073.4273180834
2003-05-01,281020.3970118803,69183.61677829205,92071.07962605047,201686.67878024827,26081.82846140311,670043.6006578743
2003-06-01,273157.6787622418,67259.87263081141,89543.89870846794,196188.1538633189,25375.715093341685,651525.3190581817
2003-07-01,283619.82475341024,69846.8479139798,93018.1627869322,203834.62122564466,26369.31405593583,676688.7707359027
2003-08-01,284932.45992534317,70181.97491248345,93497.33070672475,204922.04598737622,26514.950233122057,680048.7617650498
2003-09-01,279213.24399225146,68768.95556264395,91605.75514377121,200768.80254862932,25976.830100919135,666333.587348215
2003-10-01,289780.15287345473,71383.15645399115,95120.29949338631,208508.20013172872,26983.076899749314,691774.8858523102
2003-11-01,281686.7868112053,69401.13217012976,92511.54041565285,202826.54764643073,26252.707936505325,672678.714979924
2003-12-01,292325.66458796547,72033.99395070225,96053.5889370034,210629.300169724,27267.565496585765,698310.113141981
2004-01-01,292808.85525667295,72165.14531223658,96262.04606068632,211124.711172349,27336.78807779303,699697.5458797379
2004-02-01,275115.26354837447,67815.67377371862,90491.53695952965,198504.4051720869,25707.439893248877,657634.3193469584
2004-03-01,292925.9292586836,72234.59928319248,96464.44381082832,211690.5667229502,27425.98550867534,700741.5245843299
2004-04-01,287063.41354685585,70782.9770502741,94512.64461137395,207395.71694084886,26868.302803742183,686623.054953095
2004-05-01,295418.9760857463,72873.11899002019,97383.28668590536,213782.56579539573,27707.077885548733,707165.0254426163
2004-06-01,289465.9529488471,71398.5721507564,95399.23822701126,209415.13627516577,27139.756659120743,692818.6562609014
2004-07-01,297891.4462670642,73506.89192352166,98296.80889873224,215864.17409992125,27987.005991475045,713546.3271807145
2004-08-01,299133.18129435903,73825.50830483489,98756.95319315026,216913.66665435073,28128.267314457284,716757.5767611522
2004-09-01,292953.76828224596,72294.87619714462,96697.23318584677,212379.2409570161,27539.182347751004,701864.3009700044
2004-10-01,301480.7815356656,74429.66282332844,99634.2279891925,220469.1432278243,28398.900957271922,724412.7165332828
2004-11-01,295293.78196404426,72895.92472751922,97567.07630379703,214365.24277769245,27806.776938661213,707928.8027117142
2004-12-01,303888.90605896246,75048.45964281877,100530.49093977889,222516.3049106261,28674.849320153568,730659.0108723397
2005-01-01,308377.4170243459,76150.29257343523,101991.58765118834,224165.19055028842,29088.510973419674,739772.9987726775
2005-02-01,279627.9168850466,69062.30371056177,92530.16610260226,203406.66599241493,26399.683083510005,671026.7357741356
2005-03-01,308402.86423374957,76198.34086447307,102169.42596771219,224682.5642165193,29172.220151310517,740625.4154337647
2005-04-01,299538.2216240353,74020.90373712487,99285.5750108172,218381.5378703588,28359.56187359411,719585.8001159301
2005-05-01,310761.138103425,76805.82931425824,103053.59970506775,226706.9516100903,29445.74606810613,746773.2648009474
2005-06-01,301810.6975359992,74606.54165337472,100138.6760042756,220335.61660920747,28623.700781348445,725515.2325842055
2005-07-01,313099.6755213931,77408.7420411149,103932.59307439926,228721.17161278104,29718.12704432054,752880.3092940089
2005-08-01,314287.38772109395,77715.02326000224,104379.36490302676,229745.26752125777,29856.66027164675,755983.7036770275
2005-09-01,307500.8577279276,76031.19356621827,102105.49797879327,224730.14496832257,29203.883798600335,739571.578039862
2005-10-01,318890.80807940336,78859.76464669865,105938.86704225307,233207.27698586942,30310.85412555832,767207.5708797828
2005-11-01,309739.0094495293,76608.95902189816,102950.04621864119,226668.0557739958,29466.30686573716,745432.3773298017
2005-12-01,321194.07988150575,79454.58485739316,106809.05999122662,235204.85321041575,30581.468000676785,773244.0459412182
2006-01-01,322357.15462125454,79755.1421847901,107249.32447782399,236216.15062156497,30718.556988188422,776296.328893622
2006-02-01,292207.3684182351,72307.33819275355,97266.83551402828,214267.62865491008,27869.353088519885,703918.5238684468
2006-03-01,322276.7968744588,79778.67673955922,107399.53432207955,236679.56013090233,30796.23725789109,776930.805324891
2006-04-01,312914.03965528944,77474.04404605349,104333.85704376565,229966.05860264832,29928.36932237344,754616.3686701303
2006-05-01,324532.91572725744,80362.52609022948,108257.2182389991,238652.49789197295,31064.066755973363,782869.2247044324
2006-06-01,315088.12841795996,78036.9042252526,105161.41009119587,231870.49462442863,30187.009408488175,760343.9467673253
2006-07-01,326770.26062840794,80942.00104341576,109109.8999365005,240615.56869334364,31330.77957481252,788768.5098764803
2006-08-01,327900.04274775815,81234.80420921293,109541.30454020861,241609.3969063965,31465.892309532708,791751.440713109
2006-09-01,320618.571046474,79424.43967249531,107086.09606758946,236182.34372185005,30757.90199240496,774069.3525008138
2006-10-01,332390.1874570664,82353.17420248258,111070.70100276411,245012.07206820985,31913.376685859013,802739.5114163819
2006-11-01,322747.5657016063,79976.78177673552,107901.59625840392,238062.98035202417,31013.845788689006,779702.7698774588
2006-12-01,334581.1262163403,82921.82060317986,111910.96385863256,246950.6107297669,32177.309057660932,808541.8304655806
2007-01-01,335687.4723915276,83209.15173135749,112336.08493064476,247932.0186888732,32311.013210291778,811475.7409526948
2007-02-01,304196.6338607354,75415.18807691307,101847.69150206161,224822.77481298562,29304.649858330584,735586.9381110263
2007-03-01,335499.81066977244,83207.65307115216,112457.5975078643,248338.75179458657,32382.271196970316,811886.0842403458
2007-04-01,325656.2786846593,80779.7499276377,109214.22791340321,241220.4352116253,31459.985359895683,788330.6770972211
2007-05-01,337645.896214118,83765.81136740843,113285.78158062547,250253.38017735392,32643.487938835213,817594.3572783411
2007-06-01,327724.33483334293,81317.84263647022,110013.31746111005,243068.58639632683,31712.239577949713,793836.3209051997
2007-07-01,339774.12343234185,84319.7877522795,114109.13548417293,252158.4332144282,32903.615572458926,823265.0954556813
2007-08-01,340848.80075469863,84599.70593326246,114525.70141226606,253122.88827764615,33035.39226683645,826132.4886447098
2007-09-01,333096.5259372402,82668.37440533613,111895.38855833316,247296.07885152072,32273.551340294984,807229.9190927253
2007-10-01,345231.1943335975,85692.86494082368,116026.02767036809,256467.9827303226,33476.3328231693,836894.4024982812
2007-11-01,335121.68717885466,83196.41184962021,112682.83979566918,249121.13401389407,32523.1758394936,812645.2486775318
2007-12-01,347315.27859718946,86236.48924507367,116837.38986622519,258349.2286525651,33733.74865855934,842472.1350196127
2008-01-01,347415.8386770027,86274.80682633264,116927.53895330345,258593.15612609076,33771.62654395038,842982.96712668
2008-02-01,325983.3340875183,80964.82126010365,109766.54706778847,242797.67821244357,31714.394370232523,791226.7749980865
2008-03-01,347087.1438713906,86240.55611794883,117011.7037205902,258926.13342888225,33834.50565386065,843100.0427926725
2008-04-01,339255.9893735509,84285.5658376046,114338.22991565533,252991.55010220496,33056.97817305178,823928.3134020676
2008-05-01,349130.72262805945,86774.42408310171,117811.03648955825,260782.54412953655,34088.951415794785,848587.6787460508
2008-06-01,341225.3978623332,84800.27033486826,115109.51093906412,254783.55926990262,33302.699527663535,829221.4379338317
2008-07-01,351157.45474296773,87304.32722700527,118605.74370917799,262629.73906417703,34342.3437033576,854039.6084466856
2008-08-01,352174.08666889963,87570.45511578291,119005.7717056064,263560.55193010793,34470.16192337287,856781.0273437698
2008-09-01,344066.7556011784,85545.83554834056,116234.85915118956,257406.82815146036,33663.51777493071,836917.7962270996
2008-10-01,354081.5159583339,88071.90814519122,119765.2722359006,266883.3761926721,34714.42598010514,863516.498512203
2008-11-01,345982.59755886404,86047.87363684921,116991.0645499261,259168.25394410104,33905.64739043479,842095.4370801752
2008-12-01,356053.12237967685,88588.77085549271,120544.44593738145,268699.0459228061,34964.11440159468,868849.4994969519
2009-01-01,360463.4981340071,89676.04906926955,122000.96996140225,270356.9379001125,35381.66712748562,877879.122192277
2009-02-01,326474.0508666324,81232.51348908538,110549.51252607351,245022.0752624094,32071.767863281675,795349.9200074823
2009-03-01,360069.6722518428,89626.06834055876,122065.92413629842,270650.85547227855,35439.99637381194,877852.5165747905
2009-04-01,349326.47926651256,86965.90930191564,118483.0991427148,262753.7788272402,34412.28643733008,851941.5529757133
2009-05-01,361998.008596575,90132.9516989451,122834.05669866019,272445.3484990611,35687.38963659353,883097.7551298349
2009-06-01,351184.64972623065,87454.55884315385,119224.23554630611,264485.94528788363,34651.189320176825,857000.5787237511
2009-07-01,363910.1861496576,90636.01310189132,123597.68567311167,274230.8238714108,35933.74691539695,888308.4557114684
2009-08-01,364882.5851831467,90891.83726074456,123986.08779156479,275139.11127912195,36059.09659486715,890958.7181094452
2009-09-01,356256.46743833483,88734.30590370118,121023.4267826881,268547.88363466074,35193.51031937325,869755.594078758
2009-10-01,369064.9852616039,91937.85348495527,125431.23879510457,278374.09927563625,36487.430220728966,901295.607038029
2009-11-01,358088.9067312018,89216.89533052297,121757.64110004112,270266.6553118257,35430.9604404469,874761.0589140385
2009-12-01,370950.740240406,92434.68821558706,126187.74753178854,280145.7894007325,36732.29168855712,906451.2570770712
2010-01-01,371902.96757969505,92685.73133469539,126570.49241253486,281042.7255240031,36856.334563191034,909058.2514141195
2010-02-01,336768.7894856222,83942.02809440269,114666.41401795355,254653.11670776957,33401.39359609623,823431.7419018442
2010-03-01,371423.78493129835,92615.55039343824,126611.70071822515,281289.283064911,36909.26153407221,908849.580641945
2010-04-01,360274.0953194363,89849.43676830892,122871.09032426128,273026.90165279224,35831.65158416249,881853.1756489612
2010-05-01,373270.9345596741,93103.22153007163,127357.33464806183,283039.12086454383,37151.603595667,913922.2151980185
2010-06-01,362054.0845451994,90319.57630522981,123590.52975728681,274715.9838953487,36065.67872504466,886745.8532281094
2010-07-01,375102.7134119194,93587.23886904186,128098.61986102379,284780.2074610769,37392.93524447361,918961.7148475356
2010-08-01,376027.6833120864,93831.80521250573,128473.66235644219,285661.6498318148,37515.18993429413,921509.9906471432
2010-09-01,366996.34161248594,91568.58307857194,125353.35058500532,278705.0725007938,36599.644107462555,899222.9918843196
2010-10-01,380117.3411428877,94855.79419904546,129892.64074302351,288844.01302389347,37937.45257387619,931647.2416827264
2010-11-01,368739.4106675202,92029.93713889293,126062.31174266178,280373.0465424814,36831.23154191864,904035.9376334749
2010-12-01,381911.12561461446,95330.7667275466,130623.1295077622,290563.3415291484,38176.26836758928,936604.6317466609
2011-01-01,382816.90753840486,95570.76239728536,130992.70933682364,291433.76808722207,38297.24851701704,939111.395876753
2011-02-01,346584.7687775998,86537.92232479865,118648.81874605057,264014.6913140599,34700.10379911204,850486.304961621
2011-03-01,382249.8718350233,95479.6719588702,131008.96943802411,291630.05816873186,38344.36436599959,938712.9357666491
2011-04-01,370706.55717838736,92610.59420680958,127113.88077147982,283008.63802047085,37217.51506331958,910657.1852404672
2011-05-01,384006.93381938245,95945.88412469998,131728.95743636647,293328.180190387,38580.72295842604,943590.6785292618
2011-06-01,372399.7342513825,93060.04621511017,127808.5752275463,284647.80009199184,37445.76403192407,915361.919817955
2011-07-01,385749.3746783092,96408.60327075871,132444.74629109062,295017.80964735826,38816.096085338126,948436.6299728549
2011-08-01,386629.2285912817,96642.40717105941,132806.88866214745,295873.20037186757,38935.3322010757,950887.0569974319
2011-09-01,377212.42594237375,94278.14492056544,129534.34846050543,288562.0710693413,37971.06032862401,927558.05072141
2011-10-01,390630.66726721835,97645.33817385396,134200.59462803608,299004.49405752774,39351.67374756333,960832.7678741994
2011-11-01,378870.4833975068,94719.19802398584,130218.92503038122,290180.74877256504,38196.92982671085,932186.2850511498
2011-12-01,392336.96668642864,98099.41049217086,134905.9583669335,300673.0084626784,39584.5931353871,965599.9371435985
2012-01-01,392124.2553360458,98060.18678215315,134893.2553880757,300693.8900547481,39594.10916714664,965365.6967281693
2012-02-01,367630.5877876551,91947.91246093447,126523.43584279853,282082.2872810293,37149.711549445936,905333.9349218634
2012-03-01,391430.59589887015,97939.31464433289,134874.6333380215,300820.3228802903,39633.17447546154,964698.0412369763
2012-04-01,381987.65628522035,95563.87602859762,131573.76577153394,293431.42636215786,38656.723215280595,941213.4476627903
2012-05-01,393106.1813237808,98385.77012709249,135570.0690120302,302467.7854393499,39863.509383134646,969393.315285388
2012-06-01,383602.44717524963,95994.3096103814,132244.79884324363,295021.74080556363,38879.16084033891,945742.4572747772
2012-07-01,394767.9739759022,98828.91392987932,136261.4834388165,304107.07436559966,40092.891069323945,974058.3367795217
2012-08-01,395600.307070135,99051.19974440015,136609.24883650595,304932.62779037806,40208.54546676021,976401.9289081794
2012-09-01,385914.53020087304,96613.9671670161,133220.0551843019,297342.7154502771,39205.04563004614,952296.3136325143
2012-10-01,397147.3548646597,100047.96307129934,137266.36133895407,308049.1079637471,40428.949335307014,982939.7365739673
2012-11-01,387483.0897234415,97033.30478281545,133877.46869598806,298904.96017405624,39424.13358295337,956722.9569592546
2012-12-01,398761.5704916577,100479.68325666866,137943.74253744842,309659.4627501244,40654.87677922955,987499.3358151286
2013-01-01,403107.9745458006,100973.71055704239,139396.2912580299,311325.34263234737,41075.95029322774,995879.2692864479
2013-02-01,364828.4214201678,91397.92718371225,126214.77973582226,281931.63222631643,37204.08241029132,901576.84297631
2013-03-01,402370.8768896314,100841.84910828172,139363.10867475613,311421.07242797833,41111.31482780728,995108.2219284547
2013-04-01,390089.6569405782,97778.48683673845,135172.62484604729,302108.42615483666,39889.01810366376,965038.2128818644
2013-05-01,403947.2101607904,101264.70003070627,140030.3598859917,313011.66744257003,41335.06228740439,999588.9998074628
2013-06-01,391608.6227853745,98186.12487747625,135816.42391136463,303643.7740807814,40105.08648689161,969360.0321418884
2013-07-01,405510.313780613,101684.35859722017,140693.69587368245,314594.26452748093,41557.872351034704,1004040.5051300311
2013-08-01,406306.4293033818,101898.03747687153,141031.35380389765,315399.83900911745,41671.29306310233,1006306.9526563707
2013-09-01,396174.18449331226,99344.83723141155,137469.88398504234,307410.73154856777,40613.14851542909,981012.785773763
2013-10-01,410144.1271310546,102861.59151374115,142377.0927059011,318433.4770260027,42076.227386985775,1015892.5157636853
2013-11-01,397674.45454386825,99747.92895648775,138108.1785982306,308935.14425417443,40828.00218046619,985293.7085332272
2013-12-01,411688.0482466934,103276.58189172574,143034.7691363963,320004.8241531262,42297.78711309316,1020302.0105410347
2014-01-01,412467.6483350195,103486.26726760896,143367.50887409915,320800.330913008,42410.025376635385,1022531.7807663709
2014-02-01,373252.5953143487,93660.13798825763,129792.88088280903,290471.83140864735,38406.99084544195,925584.4364395046
2014-03-01,411661.9354745889,103337.80856417345,143313.95579456657,320854.5580113735,42440.55463652307,1021608.8124812255
2014-04-01,399049.229359158,100186.2336637246,138986.58673816902,311218.44337623497,41173.162263857164,990613.6554011438
2014-05-01,413174.2494218671,103745.14490363507,143962.17814535642,322406.52389577636,42659.83471189417,1025947.9310785291
2014-06-01,400506.5571742812,100578.9264101676,139612.0367101531,312716.52395087347,41384.918690924824,994798.9629364002
2014-07-01,414673.9788774693,104149.42934099822,144606.61990708957,323950.72816441045,42878.200528341775,1030258.9568183094
2014-08-01,415431.26271518494,104353.70490367395,144932.66353950178,324732.4932348015,42988.8207780143,1032438.9451711766
2014-09-01,404967.24863407447,101712.22430877422,141234.13873784692,316419.3496798199,41885.470959683174,1006218.4323201986
2014-10-01,419193.02962234843,105298.86024676915,146255.64906239812,327719.45723846904,43388.261846442314,1041855.2580164272
2014-11-01,406394.34853190836,102097.5787664149,141850.479309636,317898.7089256536,42095.01984659009,1010336.1353802029
2014-12-01,420661.65166514344,105695.58978023731,146890.7048169797,329244.3637761637,43604.3512204876,1046096.6612590118
2015-01-01,421403.2254683473,105896.04755159857,147211.9994090776,330016.35866156605,43713.81821571002,1048241.4493062996
2015-02-01,381289.2383996552,95828.41091150123,133255.01707959562,298774.803012975,39582.112412020666,948729.5818157478
2015-03-01,420525.58461929054,105730.12376965734,147136.75740345483,330026.0025241451,43739.08935515385,1047157.5576717017
2015-04-01,407590.60561592993,102492.5460090471,142675.0913944285,320071.4491053174,42427.14337443098,1015256.8354991539
2015-05-01,421964.1410514171,106119.53607168735,147762.68425346335,331532.10062945064,43952.955363825284,1051331.4173698437
2015-06-01,408976.85766097344,102867.95908067477,143279.02911784226,321525.2544613071,42633.671495104245,1019282.7718159019
2015-07-01,423390.7267538692,106506.03076459048,148384.96054715186,333030.66651067766,44165.92968679966,1055478.3142630889
2015-08-01,424111.0727501593,106701.31677991661,148699.78935069952,333789.32584426925,44273.81861773998,1057575.3233427848
2015-09-01,413331.4699762895,103975.44039325716,144868.92351532824,325161.72290873766,43126.3796508603,1030463.9364444728
2015-10-01,427800.6119315049,107628.8830180945,150000.80408749182,336730.99526027683,44667.90205967301,1066829.1963570411
2015-11-01,414688.968271859,104343.83806789486,145464.0651458336,326597.36022576375,43330.75473507574,1034424.986446427
2015-12-01,429197.60728057334,108008.15523018877,150614.0171948918,338210.8337353849,44878.65614512986,1070909.2695861687
2016-01-01,428728.4109762282,107904.16358941323,150511.89892548462,338033.8913768657,44862.50931047879,1070040.8741784706
2016-02-01,401728.47517319774,101121.76137020145,141091.17509901538,316924.60991240223,42067.78991209189,1002933.8114669087
2016-03-01,427735.9437714056,107710.93915191485,150403.9183092846,337977.1356844444,44880.02700004451,1068707.9639170938
2016-04-01,416973.38611608883,104984.31256618998,146557.62080935342,329298.3790754231,43723.582060950575,1041537.280628006
2016-05-01,429110.24173867836,108084.38159202583,151009.03018815652,339439.27786650974,45088.5455046014,1072731.4768899719
2016-06-01,418297.8406724364,105344.3571625851,147141.50249867165,330709.8063458764,43924.95169627751,1045418.4583758471
2016-07-01,430473.24722960417,108455.05790161621,151610.64617483565,340894.17070500145,45296.20150023842,1076729.323511296
2016-08-01,431154.68920256867,108640.72373750384,151912.97665190807,341626.36738026416,45400.84961585884,1078735.6065881036
2016-09-01,420176.5902135185,105858.8478040748,147986.27523555126,332762.6700540307,44219.22738644312,1051003.6106936184
2016-10-01,432406.6815843708,109565.834666816,152481.07727914193,344559.8367639304,45599.66389333407,1084613.094187593
2016-11-01,421460.8189264527,106209.10817855044,148557.80320663957,334148.25701722945,44417.46638085897,1054793.453709731
2016-12-01,433728.29037717165,109926.43783738514,153069.96432686303,345988.09353072644,45804.091515664855,1088516.8775878113
2017-01-01,438022.31883304426,110410.3106563872,154519.05708466144,347661.05804906646,46228.35077048346,1096841.095393643
2017-02-01,396230.3241072956,99888.79442950609,139833.50879434025,314667.47260778164,41847.99265355592,992468.0925924794
2017-03-01,437004.1740188338,110210.05668127997,154400.55850247724,347581.01105538086,46242.935974580105,1095438.736232552
2017-04-01,423463.7240955174,106809.91076015047,149681.80146113946,337012.8671494782,44844.56984390488,1061812.8733101904
2017-05-01,438292.3115484805,110562.7178131533,154980.10768031314,348990.7647559545,46445.287826676395,1099271.1896245778
2017-06-01,424704.97269049153,107149.88230773853,150240.9795098165,338373.652694674,45039.97671745544,1065509.463920176
2017-07-01,439569.6176040452,110912.71247484806,155556.25313401068,350393.42494156974,46646.79148892754,1103078.7996434013
2017-08-01,440221.40439532686,111091.18865823047,155849.7961862826,351107.9012299557,46749.418424930765,1105019.7088947264
2017-09-01,428856.04703888774,108207.49797669397,151767.74699704308,341878.9855924428,45517.039947437326,1076227.3175525048
2017-10-01,443776.8838896272,111985.86448644631,157109.11035911716,353962.9578349754,47133.18018482827,1113967.9967549944
2017-11-01,430084.35991553706,108544.18763962643,152322.65302547865,343231.01735411497,45711.44749353755,1079893.6654282946
2017-12-01,445040.9351090507,112332.49271469243,157680.8661103037,355356.61666284373,47333.65562312129,1117744.5662200116
2018-01-01,445679.1999581941,112507.63319964855,157970.1334650894,356062.1636474528,47435.2126328424,1119654.342903227
2018-02-01,403123.0091356528,101777.38569381568,142943.1994242583,322240.1814937972,42936.24253626781,1013020.0182837918
2018-03-01,444606.1467713623,112293.79141324954,157834.19879491552,355945.80894572457,47445.47560574481,1118125.4215309967
2018-04-01,430795.62405219907,108820.25219187369,152996.72626313966,345091.30224049237,46006.360995683586,1083710.2657433883
2018-05-01,445844.32044929813,112634.02648969382,158397.73558723778,357322.2781846575,47643.88833304648,1121842.2490439338
2018-06-01,431988.77904759994,109148.25594126107,153540.4657231266,346419.9795324074,46197.96604756552,1087295.4462919605
2018-07-01,447072.1908523276,112971.7124094752,158957.9856971007,358691.8634930495,47841.473805039335,1125535.2262569924
2018-08-01,447692.18495385186,113142.33428316409,159241.4317644334,359385.22272868623,47941.56677792804,1127402.7405080637
2018-09-01,436055.1979349136,110184.90566360524,155040.2327031435,349868.9128659137,46668.28488083162,1097817.5340484076
2018-10-01,451185.4974781779,114021.6422322331,160480.9651007456,362198.883198834,48320.35803483751,1136207.3460448282
2018-11-01,437223.60416672344,110506.779917048,155576.05280584132,351180.98579463735,46857.89246527689,1101345.3151495268
2018-12-01,452387.89904066105,114353.0177226986,161033.05538201818,363551.3529201527,48515.883693989395,1139841.20875952
2019-01-01,452995.03060563543,114520.45066532331,161312.37280571362,364236.04674344254,48614.933156487175,1141678.833976602
2019-02-01,409702.85494849243,103588.47927743022,145953.03588873125,329604.25646131416,43999.53648015422,1032848.1630561223
2019-03-01,451863.08777175023,114292.0208207145,161157.58268996768,364080.150260016,48620.43838535426,1140013.2799278027
2019-04-01,437788.7103697639,110746.64598005796,156203.3580022643,352943.213698655,47141.010004384065,1104822.938055125
2019-05-01,453040.8739132377,114617.28448427212,161701.7367060411,365415.9384295725,48813.95226261584,1143589.7857957394
2019-06-01,438923.67345553415,111060.21653339817,156728.3956127284,354232.62239555723,47327.884289097674,1108272.7922863157
2019-07-01,454208.85928556585,114940.11116207327,162242.71708468,366745.0461207598,49006.65930966813,1147143.392962747
2019-08-01,454798.61124510865,115103.22433547358,162516.41344866744,367417.91240687435,49104.280883214524,1148940.4423193384
2019-09-01,442903.24209863413,112075.30243284986,158200.16262557937,357622.70210183103,47791.10547554346,1118592.514734438
2019-10-01,458232.78871836315,115967.84063077714,163736.8463020956,370191.40018282953,49478.224359292,1157607.1001933576
2019-11-01,444014.66336714954,112383.0131921281,158717.55325501054,358895.997159594,47976.03160980932,1121987.2585836912
2019-12-01,459376.5473131542,116284.63454233328,164269.94749910606,371503.89811966615,49668.92244978519,1161103.949924045
2020-01-01,458697.3588892983,116126.544178341,164090.09531048918,371151.5016564976,49629.55489335172,1159695.0549279777
2020-02-01,429645.46419073123,108784.40408809992,153755.75919254968,347826.9779168597,46517.85123944697,1086530.4566276874
2020-03-01,457460.2485758447,115872.8860201944,163904.43008890684,370932.27232372254,49627.575491203606,1157797.412499872
2020-04-01,445617.2790474985,112852.92258453122,159583.9585845034,361109.512439586,48308.26553641926,1127471.9381925385
2020-05-01,458587.87323603244,116185.34284073648,164431.01823262402,372230.05007609143,49816.35369789402,1161250.6380833783
2020-06-01,446704.02631872497,113154.1733582197,160092.07450181321,362362.28102048126,48490.572066314446,1130803.1272655535
2020-07-01,459706.2524894628,116495.4892119642,164954.56720587006,373521.3982558999,50004.35147578665,1164682.0586389836
2020-08-01,460264.1552610784,116650.56747055698,165217.39846052934,374170.7949221117,50099.04069578665,1166401.956810063
2020-09-01,448227.9924096746,113580.82120826276,160823.4102428155,364177.351659694,48756.24666046438,1135565.8221809114
2020-10-01,461274.57670262235,117515.82928658853,166437.0865877966,376941.9482962507,50278.31990342022,1172447.7607766783
2020-11-01,449279.43074471387,113873.38342077425,161320.2729118834,365406.25724472915,48935.62073711014,1138814.9650592108
2020-12-01,462356.6192817052,117817.03053317056,166949.0405167584,378208.6986079944,50463.29368269369,1175794.6826223223
2021-01-01,466607.7662245633,118292.42161637053,167666.15809805077,379887.94663489336,50890.435515010766,1183344.7280888886
2021-02-01,421940.02754240937,106980.96290896532,151673.0630570275,343701.558455214,46049.9764076622,1070345.5883712785
2021-03-01,465359.51945899916,118035.04140132286,167473.48934960255,379651.9996144624,50886.218803364754,1181406.2686277516
2021-04-01,450788.099230556,114353.59013000362,162295.4736403252,367970.32919981406,49328.53848548827,1144736.030686187
2021-05-01,466411.7022721635,118329.07509200358,167976.79404244112,380901.36145783064,51069.211109212694,1184688.1439736513
2021-06-01,451801.9721724403,114637.04187155308,162781.0857112981,369176.2918020415,49505.250051969706,1147901.6416093027
2021-07-01,467455.0170727157,118620.88156919232,168477.13968736283,382144.43193014106,51251.435942252276,1187948.906201664
2021-08-01,467988.6374929759,118769.95398901992,168732.33110719116,382778.111369185,51344.29626579054,1189613.3302241624
2021-09-01,455613.69297281787,115610.21449107234,164197.71195512937,372449.58452191437,49954.264409104326,1157825.4683500384
2021-10-01,471313.05615866184,119607.09790133187,169916.51122998056,385474.78047040326,51708.9002975578,1198020.3460579354
2021-11-01,456619.3461476696,115891.44048951985,164680.12343067193,373648.72810151055,50130.17154173684,1160969.809711109
2021-12-01,472347.9692871932,119896.62526231345,170413.57113101907,386710.84391429677,51890.29788330373,1201259.3074781264
2022-01-01,472870.51862952416,120042.91142892168,170665.0454117033,387336.60373573384,51982.19009489597,1202897.2693007789
2022-02-01,427578.83553832,108557.48090091479,154375.53714638427,350416.18042510195,47034.478941829686,1087962.5129525505
2022-03-01,471578.5856959297,119774.45710099301,170457.49162726014,387068.95654937054,51974.11537300943,1200853.6063465627
2022-04-01,456787.3736867434,116031.9906732096,165176.55643825856,375133.83301723824,50379.620057044085,1163509.3738724939
2022-05-01,472592.3123046978,120058.64449129083,170947.40633190924,388289.77422686096,52153.64654296271,1204041.7838977214
2022-06-01,457764.2422705101,116305.96163035036,165649.2601917222,376312.26307565894,50552.99139063308,1166584.7185588747
2022-07-01,473597.6033408835,120340.70265321204,171434.4637358669,389504.48641077604,52332.42918173322,1207209.6853224717
2022-08-01,474105.19411330577,120483.21460298612,171680.8772591897,390119.436704844,52422.99668067791,1208811.7193610035
2022-09-01,461507.85807763983,117261.88401007529,167042.67419056318,379536.0140549222,50995.95388019002,1176344.3842133903
2022-10-01,477378.7147786043,121307.52218532596,172847.860749833,392779.39072935784,52783.103215450006,1217096.5916585708
2022-11-01,462464.4638494492,117530.73513993718,167508.49316033837,380699.7173302179,51167.51782800363,1179370.9273079464
2022-12-01,478363.1534467568,121584.30939047606,173327.8243136307,393978.9227141902,52960.022055912515,1220214.2319209662
2023-01-01,478860.2130167802,121724.15767742024,173570.64854027677,394586.1874413453,53049.64534499745,1221790.8520208201
2023-02-01,432965.95662319096,110070.23322200564,156992.1631137017,356947.52877746633,47996.58706833408,1104972.4688046987
2023-03-01,477520.06532734714,121443.51838063254,173346.70261988486,394283.4698419452,53037.26563837312,1219631.0218081828
2023-04-01,462512.8274163981,117641.04980785394,167964.26798845638,382097.8535074416,51406.29291479667,1181622.2916349466
2023-05-01,478484.3508123994,121715.20059737159,173819.76674934488,395468.20664890995,53212.364145598294,1222699.8889536243
2023-06-01,463442.05250330234,117902.96514786997,168420.7131359539,383241.45544767124,51575.38367332606,1184582.5699081235
2023-07-01,479440.6121416989,121984.84727873837,174290.0718547312,396647.0184081819,53386.73260303461,1225749.282286385
2023-08-01,479923.4427471881,122121.0874356616,174528.00939364493,397243.7930871608,53475.063887426644,1227291.396551082
2023-09-01,467114.5613582118,118840.87591106258,169789.78513414634,386413.0079440358,52011.92394659545,1194170.154294052
2023-10-01,483148.5477368699,122933.12351887218,175678.38772314653,399868.1171294728,53830.78396880005,1235458.9600771614
2023-11-01,468024.511797052,119097.8966977186,170239.58229048323,387542.3183343153,52179.25194320539,1197083.5610627746
2023-12-01,484084.9736131243,123197.7311671292,176141.84297110632,401032.1973230252,54003.334644594164,1238460.079718979
2024-01-01,483233.8581831211,122994.45375115861,175894.41215965472,400524.18702873704,53942.95611021818,1236589.8672328896
2024-02-01,452501.9616327262,115184.78129104801,164765.81967216407,375234.9196429671,50544.433240992614,1158231.915479898
2024-03-01,481796.4510331025,122690.31710638979,175641.21118661962,400160.85650390456,53923.33500994452,1234212.1708399612
2024-04-01,469068.91507831664,119425.33813806393,170908.5126064162,389323.456735397,52456.65869487447,1201182.8812530683
2024-05-01,482722.11667081655,122951.8344555815,176099.53407450576,401312.85608450643,54094.251456482154,1237180.5927418924
2024-06-01,469961.04408498376,119677.48018303058,171350.76092586914,390435.50768206036,52621.71621367104,1204046.5090896147
2024-07-01,483640.21290059935,123211.42197239635,176555.21484671073,402459.15316421277,54264.46174338777,1240130.4646273071
2024-08-01,484096.97032886,123340.95133883556,176783.70712707334,403035.112810237,54350.13978198809,1241606.8813869937
2024-09-01,471194.5380546269,120030.75556609104,171983.47928030667,392039.6747887192,52861.51146594915,1208109.9591556932
2024-10-01,484909.6102125646,124156.22297336435,177936.1215262572,404112.7213530096,54511.74292746498,1245626.4189926605
2024-11-01,472055.3837482627,120275.12422266067,172415.43105416457,393129.61645740824,53023.81585910838,1210899.3713416045
2024-12-01,485795.5125650781,124407.80756233948,178381.19301485067,405236.22828910564,54679.11414161562,1248499.8555729894
2025-01-01,490011.55109449255,124876.1141042829,179095.6986356605,408470.6327334703,55108.864237913695,1257562.86080582
2025-02-01,442989.3523972515,112904.83997416758,161965.87705874548,369452.4825547023,49852.08853835677,1137164.640523224
2025-03-01,488574.912785012,124571.01804272304,178838.54944234973,408096.414793234,55087.63484937297,1255168.5299126918
2025-04-01,473159.4054622513,120654.6007920797,173261.27342792082,395427.1349611528,53385.80109369279,1215888.2157370974
2025-05-01,489433.91221545846,124816.0819782043,179275.5703642522,409203.5218205637,55253.10991337919,1257982.1962918579
2025-06-01,473987.11896444985,120890.84322329034,173682.93031033163,396495.78193118895,53545.596446796415,1218602.2708760572
2025-07-01,490285.6511795805,125059.28559821908,179710.018821173,410305.0489146543,55417.89054037222,1260777.895053999
2025-08-01,490722.52515790606,125183.79793024599,179931.8689334955,410867.0679767944,55501.91366750473,1262207.1736659466
2025-09-01,477521.00057889835,121793.48307905489,175003.80435716006,399563.2734751462,53969.23113424508,1227850.7926245045
2025-10-01,493857.76721737353,125972.88714699796,181050.73065111935,413423.2599639706,55849.18307001519,1270153.8280494765
2025-11-01,478344.35540841724,122028.38193074241,175423.19209612353,400626.8174015266,54128.398400522885,1230551.1452373327
2025-12-01,494705.07794419,126214.7198545077,181482.85309968152,414519.54884108435,56013.31830092075,1272935.5180403844
2026-01-01,495132.8874424855,126336.9048685294,181701.4716601546,415074.5437969166,56096.465441528206,1274342.2732096142
2026-02-01,447601.5727061202,114220.69245793701,164314.33409497485,375406.0497021967,50742.716589539275,1152285.365550768
2026-03-01,493661.7509289906,126022.83431149153,181431.65520890948,414672.71221400856,56071.79808723613,1271860.7507506364
2026-04-01,478067.6184388482,122055.74099915783,175765.192106757,401779.167533838,54336.70849452788,1232004.427573129
2026-05-01,494491.71581979305,126260.20673913269,181857.56594533275,415755.47934064857,56234.244517589774,1274599.2123624966
2026-06-01,478867.4066859372,122284.57997449563,176176.1403837472,402824.34025031223,54493.5812775355,1234646.0485720278
2026-07-01,495314.77428334294,126495.80069198569,182280.99266764062,416832.8313853668,56396.01364929564,1277320.4126776317
2026-08-01,495730.33699348115,126614.83325966867,182495.21164385066,417378.23918673606,56477.96214299125,1278696.5832267278
2026-09-01,482346.7336841319,123173.07320968428,177477.09554254374,405848.3723976094,54911.790723683735,1243757.065557653
2026-10-01,498823.90730451746,127393.20067406297,183599.12332868477,419901.86782336194,56821.162042027856,1286539.2611726548
2026-11-01,483129.9319058228,123397.63570390313,177882.0584509254,406880.4835950909,55067.028113915556,1246357.137769658
2026-12-01,499629.8930480518,127624.39191059711,184016.3829366534,420965.7562041593,56981.24473670959,1289217.6688361713
2027-01-01,500036.8332907561,127741.19955635925,184227.48150190854,421504.347483556,57062.33887138168,1290572.2007039615
2027-02-01,452012.1733762464,115484.24920960696,166589.1192783449,381198.8358013837,51613.26800230186,1166897.645667884
2027-03-01,498526.2218831458,127416.95125941245,183943.414413222,421071.4112358572,57033.77620590558,1287991.7749975428
2027-04-01,482755.22238517704,123399.73995065175,178188.7119407365,407955.69937898155,55265.68049064732,1247565.0541461941
2027-05-01,499315.7078149722,127643.87848973961,184354.67596430116,422122.1775023453,57192.21179725481,1290628.6515686132
2027-06-01,483516.003445333,123618.50922971402,178585.52566566772,408969.98232690664,55418.68004926059,1250108.700716882
2027-07-01,500098.6241590781,127869.1055042418,184763.53893884626,423167.688728046,57349.98681261261,1293248.9441428245
2027-08-01,500493.914963843,127982.899431011,184970.389248694,423696.9762055937,57429.911895753394,1294574.091744895
2027-09-01,486937.11300861713,124491.9579005278,179865.31890713237,411947.7185748243,55831.0784339406,1259073.1868250421
2027-10-01,503547.84588160133,128751.01682935064,186059.86510089308,426189.00388412055,57769.142767714904,1302316.8744636804
2027-11-01,487682.1130833541,124706.63886303524,180256.35312097557,412949.3260209388,55982.48297711174,1261576.9140654155
2027-12-01,504314.5220850706,128972.03484642904,186462.77306948352,427221.4493479829,57925.2729836487,1304896.0523326145
2028-01-01,503322.64472784987,128731.01403199945,186156.59222573365,426575.42196663906,57845.88293024081,1302631.555882463
2028-02-01,471215.2789961356,120530.8257104663,174337.5064223557,399543.58328820445,54187.83530278124,1219815.0297199434
2028-03-01,501721.24839799135,128384.71421103796,185844.6784909892,426084.2851496154,57810.298961385444,1299845.2252110194
2028-04-01,488269.490706739,124915.08106694592,180753.6069075847,414346.9805317509,56210.28004936912,1264495.4392623897
2028-05-01,502481.5639731445,128603.68333722572,186243.65441652705,427106.9910904497,57965.053418984855,1302400.9462363317
2028-06-01,489002.2797551007,125126.20405369093,181138.59268839489,415334.22613280744,56359.73001749955,1266961.0326474933
2028-07-01,503235.6823321478,128821.0405490264,186640.3334092353,428124.6393851071,58119.16891847244,1304940.864593989
2028-08-01,503609.6289572731,128929.22968691512,186838.9728194979,428635.4662371153,58196.693302961634,1306209.991003763
2028-09-01,489997.9552661185,125418.19360074308,181685.5772056688,416751.33858626836,56576.108672897884,1270429.1733316965
2028-10-01,504260.33899718296,129702.74601197167,187932.90224914646,429585.39248449676,58342.30248599562,1309823.6822287936
2028-11-01,490702.75690292707,125622.30761565248,182061.09815820883,417718.0303175837,56722.96777772446,1272827.1607720964
2028-12-01,504985.65531428845,129912.88728485795,188319.82893740217,430581.8539433065,58493.7462405697,1312293.9717204247
2029-01-01,509172.9495059249,130375.27632052824,189032.06382885593,433821.2011705688,58925.85639171391,1321327.347217592
2029-02-01,460223.08198743954,117852.87802279345,170914.01967656706,392291.50340289023,53292.38186177764,1194573.864951468
2029-03-01,507582.06924581993,130030.32463376448,188718.85802978178,433324.3479257537,58889.23329653788,1318544.8331316574
2029-04-01,491475.48186066543,125917.64729989665,182794.48178100158,419779.13711785694,57056.9641163944,1277023.712175815
2029-05-01,508282.9034998517,130234.48559146753,189098.25460954764,434305.28624951746,59038.858104664934,1320959.7880550493
2029-06-01,492150.7809046173,126114.45720048003,183160.53869353933,420725.99604742194,57201.4530466623,1279353.2258927207
2029-07-01,508977.79343514174,130437.09269269541,189475.41480339027,435281.2756287828,59187.85456129912,1323359.4311213093
2029-08-01,509335.45812620444,130541.09071499274,189668.27937545357,435779.7376381442,59263.88146245318,1324588.447317248
2029-09-01,495457.1870331357,126958.18313975172,184398.1697793459,423610.9583225595,57602.12325932173,1288026.6215341145
2029-10-01,512315.81548039813,131290.04127602506,190730.35599962366,438211.3376019853,59595.46584378429,1332143.0162018165
2029-11-01,496131.28860109526,127154.38630577095,184762.76731388873,424554.236145291,57746.14366814888,1290348.8220341948
2029-12-01,513009.5303515792,131492.03606024623,191106.0245390897,439183.65755928896,59743.981450106876,1334535.229960311
2030-01-01,513359.7734260211,131594.09009945166,191296.0797086173,439675.8897096146,59819.21572326393,1335745.0486669687
2030-02-01,463994.80338619556,118951.00437243769,172954.70907218853,397570.0754749419,54098.06876815655,1207568.66107392
2030-03-01,511741.91743060015,131241.917665082,190972.13469523002,439155.04724312265,59779.5347343076,1332890.5517683425
2030-04-01,495490.40925042273,127087.20020740133,184970.50972680363,425411.4592597752,57917.23017924066,1290876.8086236436
2030-05-01,512421.43095166545,131440.1869489677,191342.40305477788,440115.37451491354,59926.522252994095,1335245.9177233186
2030-06-01,496145.2163801083,127278.34178275715,185327.77037174068,426338.4433163346,58059.17445633889,1293148.9463072796
2030-07-01,513095.29000378586,131636.97073208925,191710.51191996946,441070.8990449877,60072.89692689582,1337586.568627728
2030-08-01,513435.5065091859,131736.3916713292,191896.74230151213,441554.62818836235,60147.04662213583,1338770.3152925253
2030-09-01,499408.1620027334,128110.51346213372,186548.34567650917,429185.34074996365,58454.98642260066,1301707.3483139407
2030-10-01,516381.7459311605,132476.38663193138,192945.82199254454,443957.347052427,60474.948764545836,1346236.2503726094
2030-11-01,500049.3861303264,128298.08297829586,186900.40286674444,430100.74024432193,58595.45093262476,1303944.0631523135
2030-12-01,517041.626777333,132669.4929141201,193308.56940012105,444900.9303486958,60619.79748454962,1348540.4169248196
2031-01-01,517374.78355531447,132767.0553986511,193492.0870003726,445378.61374381575,60693.17412116477,1349705.7138193187
2031-02-01,467605.8967617618,120006.41548815476,174932.31215483882,402707.8156179983,54885.77624045313,1220138.216263207
2031-03-01,515724.6082593487,132406.38180292197,193155.75307890732,444830.18391569913,60649.96850898506,1346766.8955658623
2031-04-01,499328.29366206715,128209.8022836785,187077.41649302474,430889.55133193254,58757.79877998006,1304262.862550683
2031-05-01,516370.9804213246,132595.9265262872,193513.28604950217,445762.1289719205,60793.32687055615,1349035.6488395908
2031-06-01,499951.1644173518,128392.53294328632,187422.38914965937,431789.1386227273,58896.238418808134,1306451.463551833
2031-07-01,517011.9738951606,132784.05111625657,193868.7338016,446689.41323017166,60936.08751862727,1351290.2595618162
2031-08-01,517335.59317295405,132879.09637561959,194048.55817284342,447158.8449295531,61008.40635633239,1352430.4990073026
2031-09-01,503166.44564928033,129212.13834857084,188624.56716871652,434594.97527892934,59286.792319350425,1314884.9187648473
2031-10-01,520249.37861389905,133610.52980476216,195085.08795484345,449533.53625933564,61332.717174624195,1359811.2498074644
2031-11-01,503776.3957881945,129391.45411721055,188964.5153345666,435483.320374035,59423.788726025756,1317039.4743400323
2031-12-01,520877.0755399341,133795.1387013907,195435.35864748317,450449.232191254,61473.98954405499,1362030.794624117
2032-01-01,519769.9520640378,133522.5919505509,195078.10297932482,449680.7946347842,61377.39715685333,1359428.838785551
2032-02-01,486536.4474136664,124996.2173628879,182658.73112529248,421103.4338644488,57484.521817236906,1272779.3515835325
2032-03-01,518034.2927494725,133141.0744844972,194715.14682166534,449076.30380527524,61327.36938720606,1356294.1872481164
2032-04-01,503989.59245052753,129500.4998037467,189312.52071658339,436540.85518541513,59606.69710405468,1318950.1652603275
2032-05-01,518659.2311433836,133324.50434746122,195062.5289767398,449984.33657466224,61467.499872464294,1358498.1009147111
2032-06-01,504591.92497483036,129677.36079305905,189647.7248378446,437417.4083748416,59742.02477633847,1321076.443756914
2032-07-01,519279.0957767554,133506.58784346475,195407.9142865394,450887.883632701,61607.0522060607,1360688.5337455212
2032-08-01,519585.2426506667,133596.95212414055,195580.60085833026,451340.9428785959,61677.19885921642,1361780.9373709497
2032-09-01,505392.89120012196,129918.160106912,190120.17593772803,438668.6182335982,59937.21521867692,1324037.060697037
2032-10-01,520103.3757476207,134335.59148302668,196623.68589806627,452177.62508878787,61808.33610656942,1365048.614324071
2032-11-01,505969.93476877094,130088.65061877161,190446.63829102498,439525.9970766327,60070.09884868776,1326101.319603888
2032-12-01,520697.2153390229,134511.11638852183,196960.0639253027,453061.4073174,61945.368099744366,1367175.1710699918
2033-01-01,524860.9756573435,134968.56270747635,197670.32473949043,456305.1383998285,62379.613716821965,1376184.6152209607
2033-02-01,474332.8663931559,121985.82680974019,178693.16115289327,412547.8977477573,56405.28798982811,1243965.0400933747
2033-03-01,523143.8127688479,134590.3208042226,197308.38566854736,455699.5173971193,62329.061819880066,1373071.0984586172
2033-04-01,506471.41688377224,130313.71326914821,191082.254972525,441377.4255056182,60378.76978704479,1329623.5804181085
2033-05-01,523715.1523288829,134760.3167230295,197637.68605191732,456568.5541192163,62464.3447234022,1375146.0539464483
2033-06-01,507021.92952354404,130477.5863515381,191399.97559336567,442216.26813314157,60509.40889319462,1331625.1684947838
2033-07-01,524281.62514067756,134929.0147614277,197965.0422224612,457433.2015336243,62599.05907208304,1377207.9427302738
2033-08-01,524574.4387523287,135015.87779190025,198132.70797639276,457875.2934939787,62667.85068876872,1378266.168703369
2033-09-01,510142.0944761598,131272.10325132575,192565.23872546887,444939.34146946366,60889.29998977923,1339808.0779121972
2033-10-01,527427.9872351332,135731.30172948388,199145.41801192088,460196.3902460721,62985.24267603407,1385486.339898644
2033-11-01,510693.99780888355,131435.98506379614,192882.2039445795,445775.95282702486,61019.61495521934,1341807.7545995035
2033-12-01,527995.9484557601,135900.02108309753,199472.0078805938,461058.75963487837,63119.62506157829,1387546.3621159082
2034-01-01,528282.6855135869,135985.26031871233,199637.231230972,461495.3261703347,63187.69947618226,1388588.2027097882
2034-02-01,477416.4454862741,122902.09300530393,180466.29021556303,417227.80289271544,57134.116970057876,1255146.7485699144
2034-03-01,526544.7057662372,135601.26252120855,199266.2291063161,460868.9305190004,63134.43358880099,1385415.5615015633
2034-04-01,509754.98389230244,131289.82820397805,192973.2284092529,446371.42175797065,61157.02017565789,1341546.482439162
2034-05-01,527101.0401240562,135766.8701139428,199588.12430729019,461720.66338125675,63267.43330576895,1387444.131232315
2034-06-01,510291.09052255424,131449.48226408125,193283.81526912545,447193.5818766634,61285.45658201394,1343503.4265144384
2034-07-01,527652.7450296982,135931.23691838782,199908.1421378331,462568.1365988387,63399.878498219114,1389460.1391829771
2034-08-01,527931.2732801513,136014.2768485921,200070.04040410445,462997.16167992854,63466.97154880078,1390479.7237615772
2034-09-01,513376.8780586072,132234.61022562772,194434.51168583456,449883.37491268816,61661.002470404725,1351590.3773531625
2034-10-01,530756.888372373,136722.22044160299,201071.45144976204,465292.6431957099,63781.03170860305,1397624.235168051
2034-11-01,513901.86362922203,132391.2806091878,194740.57485429948,450695.2604123423,61788.09992564472,1353517.0794306963
2034-12-01,531297.1486459001,136883.51549592416,201386.80822699796,466129.52545386925,63912.096158292814,1399609.0939809843
2035-01-01,531569.8966322443,136965.00307056497,201546.3480881833,466553.188401667,63978.489713892406,1400612.925906552
2035-02-01,480372.95765247394,123783.64627167444,182185.5355915394,421784.56939029065,57846.8641451633,1265973.5730511416
2035-03-01,529805.4560888626,136573.9045078212,201164.57556520365,465902.3249567683,63922.03461562496,1397368.2957342807
2035-04-01,512897.1767894098,132227.50406548733,194804.88499758334,451230.0533216506,61917.598076376016,1353077.2172505073
2035-05-01,530334.6566062731,136732.22473669326,201475.39915187817,466728.88505328866,64051.75053553247,1399322.9160836656
2035-06-01,513407.1361369302,132380.13273980454,195104.78919456247,452027.91469013365,62042.86335497884,1354962.8361164096
2035-07-01,530859.4534616543,136889.35877667938,201784.40994044582,467551.3113979377,64180.92562227449,1401265.4591989915
2035-08-01,531124.3930561962,136968.74383265435,201940.73908939425,467967.65578440786,64246.362044498645,1402247.8938071511
2035-09-01,516453.89938412304,133154.76446930744,196239.49178082743,454681.29008537973,62413.65154889562,1362943.097268533
2035-10-01,533923.4370853693,137669.53623509037,202931.23976923467,470238.2791085192,64557.17263995099,1409319.6648381646
2035-11-01,516953.27998737805,133304.5407449887,196535.02787014062,455469.1804866651,62537.61093454539,1364799.6400237177
2035-12-01,534437.3474029285,137823.73367798346,203235.74981253763,471050.42749457934,64685.00107391446,1411232.2594619435
2036-01-01,533235.8683854997,137524.8542515734,202834.09182515828,470173.42185212835,64572.84337141864,1408341.0796857784
2036-02-01,499080.35917018575,128726.02599244061,189892.85634939448,440225.3059530882,60467.48713105092,1318392.03459616
2036-03-01,531390.2838363547,137113.92053565814,202426.76151678292,469468.39503236214,64509.7463103562,1404909.1072315143
2036-04-01,516860.12318968156,133330.56348144397,196753.28292250494,456225.05618568894,62679.902342389614,1365848.928121709
2036-05-01,531904.3847687182,137267.66551071586,202729.29020260973,470274.72182244936,64636.64447823981,1406812.7067827329
2036-06-01,517355.6469457979,133478.8064449173,197045.20894806547,457003.43401305116,62802.451632962824,1367685.5479847947
2036-07-01,532414.3317482001,137420.2859226682,203030.08292674873,471077.0701618762,64763.01951441282,1408704.7902739062
2036-08-01,532664.9688807414,137495.76163109142,203180.20718468225,471478.8941373291,64826.490520197796,1409646.322354042
2036-09-01,517997.1986909556,133676.84808186378,197452.863807728,458107.50147006003,62978.47018730338,1370212.8822379108
2036-10-01,533074.5571573485,138205.269299071,204179.09023532394,472215.13789660134,64944.53301863522,1412618.5876069798
2036-11-01,518469.6428002485,133819.25388322255,197736.6766637559,458867.9284784816,63098.70828476612,1371992.2101104746
2036-12-01,533560.7527101032,138351.880184057,204471.52336781492,472998.9826131576,65068.52471083643,1414451.6635859692
2037-01-01,537705.2451226012,138805.19799897537,205180.06800167414,476246.60182632465,65504.7025773955,1423441.815526971
2037-02-01,485884.98080541583,125437.95581676549,185456.02185966988,430513.7078664218,59221.96193332159,1286514.6282815945
2037-03-01,535884.6907626626,138399.14976955613,204775.76225949384,475544.51247628336,65441.54737942743,1420045.662647423
2037-04-01,518749.0500583487,133985.61622066327,198287.29884969327,460533.38887483446,63384.46385329327,1374939.817856833
2037-05-01,536350.0090343619,138540.6086491014,205061.5111019649,476314.3013809607,65563.85319101713,1421830.283357406
2037-06-01,519197.3962314521,134121.9781599575,198562.9979172785,461276.42963657854,63502.571120347886,1376661.3730656144
2037-07-01,536811.3427979293,138680.98345742113,205345.569734698,477080.19733127253,65685.64455401337,1423603.7378753342
2037-08-01,537051.0608364961,138753.53413964968,205491.32868856442,477472.2935431438,65747.8894145819,1424516.106622436
2037-09-01,522165.07980586716,134875.39221493207,199665.34737285075,463855.92036458687,63863.66049519425,1384425.400253431
2037-10-01,539800.7869965311,139440.95428737748,206461.12147370307,479695.38273841527,66052.43959264507,1431450.6850886717
2037-11-01,522616.93568543164,135012.27696359062,199940.9030462692,464597.92705427593,63981.574262627015,1386149.6170121944
2037-12-01,540265.7898361377,139581.8796650329,206745.04439573956,480460.23472099256,66174.03371119167,1433226.9823290943
2038-01-01,540500.532565156,139653.07399609772,206888.6799996403,480847.43028499885,66235.62961786895,1434125.3464637618
2038-02-01,488405.15663041436,126202.31964298339,186996.54514342197,434662.643078954,59881.246986098995,1296147.911481873
2038-03-01,538664.2038079273,139242.49342080066,206476.768387769,480127.41735686717,66170.07160607257,1430680.9545794367
2038-04-01,521433.82983118563,134800.15817916224,199930.45780141998,464961.24085044547,64088.50339099477,1385214.1900532083
2038-05-01,539119.6875966579,139380.81967586183,206756.6099849647,480882.8356179943,66290.41463664954,1432430.3675121283
2038-06-01,521872.7527121453,134933.51165574367,200200.46842186956,465690.43047638703,64204.71737046531,1386901.880636611
2038-07-01,539571.3811459623,139518.10954367448,207034.81947848696,481634.47591831273,66410.25591306851,1434169.0419995051
2038-08-01,539799.4033249867,139587.46690499838,207175.5644199625,482014.9828485908,66470.9638475175,1435048.3813460558
2038-09-01,524813.4954745653,135679.3454011526,201290.41505176364,468240.8844114784,64561.9257532816,1394586.0660922418
2038-10-01,542526.2595688701,140268.6389454252,208135.53433619317,484215.35336860025,66772.49926351648,1441918.2854826052
2038-11-01,525243.3129638885,135810.20665969158,201556.49293862347,468960.9612337433,64676.928197184,1396247.901993131
2038-12-01,542968.5828008716,140403.36302872008,208409.69167866174,484957.6002954414,66891.09118964581,1443630.3289933405
2039-01-01,543191.8722517462,140471.42370997852,208548.38629492366,485333.35140450846,66951.16619224937,1444496.1998534063
2039-02-01,490825.74303011916,126938.65462677463,188491.18511942268,438704.13217715797,60526.16727943875,1305485.8822329133
2039-03-01,541333.879236297,140054.91207860428,208127.1113495125,484591.6374914789,66882.72246319999,1440990.2626190926
2039-04-01,524006.43869068613,135583.37068216677,201522.82338080625,469270.46022941754,64776.702713238774,1395159.7956963156
2039-05-01,541767.1477249132,140187.15141735977,208397.32774860546,485324.7295135177,67000.09419141691,1442676.450595813
2039-06-01,524423.9539962965,135710.85606486636,201783.54694122713,469978.09879845835,64890.04733775111,1396786.5031385995
2039-07-01,542196.8108353615,140318.39997410946,208665.96818050125,486054.1552316415,67116.97655392332,1444352.3107755368
2039-08-01,542413.7075686445,140384.70452868982,208801.87156445498,486423.4153953604,67176.18550909383,1445199.8845662435
2039-09-01,527332.7463869397,136447.92262269108,202859.58920430706,472496.253185555,65242.95078071921,1404379.4621802121
2039-10-01,545118.8092753484,141059.90339427072,209752.35646526492,488601.7386784336,67474.78059776925,1452007.5884110867
2039-11-01,527741.6003109969,136573.025439844,203116.51528913173,473195.04826592695,65355.113781925334,1405981.303087825
2039-12-01,545539.5589972602,141188.69905577283,210017.08411120984,489322.0486299001,67590.44445587619,1453657.8352500193
2040-01-01,544260.8281962553,140867.82472987214,209576.82460194483,488348.75173321704,67464.2026736787,1450518.431934968
2040-02-01,509350.44548914453,131841.42403497105,196181.9026888738,457184.8850967937,63166.58576369322,1357725.2430734765
2040-03-01,542325.2444770207,140432.32049671607,209130.91726020578,487554.55748906615,67389.28002871657,1446832.3197517253
2040-04-01,527397.6225142626,136529.70157923308,203221.970823867,473683.37633328006,65460.65343533919,1406293.324685982
2040-05-01,542748.5993710216,140561.2705691766,209394.45221315598,488270.679167576,67504.20510071231,1448479.2064216426
2040-06-01,527805.6986471661,136654.04075821373,203476.27268051775,474374.6804256453,65571.6403679987,1407882.3328795417
2040-07-01,543168.553386958,140689.28134468474,209656.47800571326,488983.27229529654,67618.65682510805,1450116.2418577606
2040-08-01,543373.7429871443,140752.32107221487,209786.98753028526,489339.6546623135,67676.08745536236,1450928.7937073202
2040-09-01,528316.7328549521,136816.36818133108,203827.59639512142,475348.2442794366,65730.31148070437,1410039.2531915456
2040-10-01,543694.462281246,141437.49590657212,210747.44321768678,489986.8175068329,67782.28133500119,1453648.500247339
2040-11-01,528703.538170115,136935.3156606124,204074.33155946282,476022.6827243628,65839.10742714659,1411574.9755416994
2040-12-01,544092.5263491746,141559.95577153476,211001.67249402704,490682.02560155216,67894.4736749389,1455230.6538912272
2041-01-01,548221.2435346281,142009.8251700141,211708.72515238417,493933.0932773318,68332.3999131298,1464205.287047488
2041-02-01,495343.0521378083,128321.41634228284,191335.3705099611,446447.9520228452,61770.593911801385,1323218.3849246989
2041-03-01,546316.0393974131,141580.55114465998,211267.58759565742,493145.44417854527,68257.84077680248,1460567.4630930782
2041-04-01,528801.1259133848,137052.64737525728,204551.06308071924,477523.2042719976,66104.12831160355,1414032.1689529624
2041-05-01,546694.5547798711,141698.17388538813,211515.47454738367,493827.2081656535,68368.40443003442,1462103.8158083307
2041-06-01,529165.8252582937,137166.03007624176,204790.2303649176,478181.2764011064,66210.896301728,1415514.2584022873
2041-07-01,547069.8079713054,141814.8911433323,211761.89210904855,494505.5194243029,68478.50259203048,1463630.6132400197
2041-08-01,547266.0550313357,141875.48714741733,211888.60620586702,494853.27338509547,68534.8237026975,1464418.245472413
2041-09-01,532008.667639104,137885.1121493396,205837.8852976784,480633.4207794441,66554.97317522211,1422920.059040788
2041-10-01,549930.7786628634,142539.51656367182,212821.08852593898,496989.4376752689,68827.75413127922,1471108.5755590224
2041-11-01,532378.6115919999,137999.44705480058,206077.44124152535,481291.5206557886,66661.66587466936,1424408.6864187839
2041-12-01,550311.4863096415,142657.2264611526,213067.91858653774,497667.79947732604,68937.77694733454,1472642.2077819924
2042-01-01,550503.6596826789,142716.68950182467,213192.78670525464,498011.2069177726,68993.51085762672,1473417.8536651575
2042-02-01,497401.9523808128,128958.90064434311,192673.67604420974,450125.95915102656,62366.95301682273,1331527.441237215
2042-03-01,548586.8095665274,142283.9051241003,212745.31009376666,497208.16291361966,68916.8304717124,1469741.0181697265
2042-04-01,530995.6601618092,137732.23223965778,205978.78246905908,481448.93131843617,66741.01909457594,1422896.6252835381
2042-05-01,548959.72389288,142399.44409047568,212988.59204418943,497878.1577866508,69025.72125885445,1471251.6390730506
2042-06-01,531355.0157185239,137843.61762228067,206213.5178016047,482095.66351434495,66846.17376486125,1424353.9884216154
2042-07-01,549329.5350690935,142514.11739970298,213230.4551156144,498544.80191413814,69134.1580404346,1472753.0675389837
2042-08-01,549516.2063742222,142572.0461188255,213352.81023997266,498882.27710490953,69189.08848288824,1473512.4283208179
2042-09-01,534177.0058641974,138556.6300794691,207250.6511040325,484522.5347531848,67186.7896864803,1431693.6114873642
2042-10-01,552162.2057118323,143230.85667886562,214276.75296905186,500998.2917390123,69479.2910420427,1480147.3981408046
2042-11-01,534528.9063186558,138665.93374469545,207481.9674570342,485161.1845832052,67290.84811155288,1433128.8402151435
2042-12-01,552524.3448760714,143343.386821574,214515.09324361163,501656.604656472,69586.59736215722,1481626.0269598863
2043-01-01,552707.1411029549,143400.23241875833,214635.66587453047,501989.86177660804,69640.9551015821,1482373.856274434
2043-02-01,499383.75987412105,129573.9391225435,193973.05346602658,453710.4381931496,62950.501009592204,1339591.6916654329
2043-03-01,550772.5538015976,142962.49400817647,214180.04917286028,501167.5707267078,69561.6636108102,1478644.3313201524
2043-04-01,533101.9330532586,138386.42610054865,207363.1184391628,485270.8658026094,67363.7275707523,1431486.0709663318
2043-05-01,551127.2797880346,143072.94875633053,214414.96337901283,501817.76400330855,69667.86585249007,1480100.8217791766
2043-06-01,533443.7615788186,138492.91004074318,207589.77999052362,485898.48392696714,67466.28594139608,1432891.2214784485
2043-07-01,551479.053975851,143182.57594002492,214648.50750886992,502464.70556513953,69773.62529813852,1481548.4682880237
2043-08-01,551656.6165411554,143237.95474143996,214766.6535858112,502792.2057694533,69827.19940809933,1482280.630045959
2043-09-01,536239.5929861759,139198.59952967864,208614.82541855145,488296.70803846256,67803.00659249358,1440152.732565362
2043-10-01,554284.8047794384,143891.77608808115,215682.35043957515,504888.6662598199,70114.74144916266,1488862.3390160773
2043-11-01,536574.3299339998,139303.09334191025,208838.18557800533,488916.4826579005,67904.49578365755,1441536.5872954736
2043-12-01,554629.2810567182,143999.3543982706,215912.49293075292,505527.5228267693,70219.39834386011,1490288.0495563713
2044-01-01,553287.3018447696,143660.10838802237,215438.67487053765,504468.8232488307,70080.41275934994,1486935.3211115103
2044-02-01,517758.8809952416,134443.62321658566,201649.3369169048,472226.6824374683,65608.83120147767,1391687.354767678
2044-03-01,551278.0330372312,143204.08113373612,214959.23026714666,503595.5445937036,69994.78988358528,1483031.6789154029
2044-04-01,536024.9972718353,139201.84633450725,208845.57792314072,489167.5172629295,67976.78107448434,1441216.7198668972
2044-05-01,551627.091358905,143312.32076266233,215188.86569729162,504231.6615152591,70098.88125041191,1484458.82058453
2044-06-01,536361.4773463311,139306.2193943612,209067.17089869973,489781.5938802248,68077.30595306284,1442593.7674726795
2044-07-01,551973.3653680256,143419.77584193496,215417.18913861713,504864.6489114153,70202.54431616467,1485877.5235761576
2044-08-01,552141.3456758216,143472.42816507543,215530.6464332061,505180.7281872332,70254.50938861983,1486579.657849956
2044-09-01,536765.652832455,139438.71579854307,209369.52266843698,490639.411421257,68220.28045147005,1444433.583172162
2044-10-01,552389.3052009512,144137.27850834877,216457.69497591018,505748.8833479369,70349.98219461765,1489083.1442277646
2044-11-01,537082.343033207,139538.06924018342,209584.02403616116,491237.5848518952,68318.72311152611,1445760.744272973
2044-12-01,552715.2133119382,144239.56574571072,216678.7114152818,506365.4778113073,70451.49803911877,1490450.4663233568
2045-01-01,556831.0148338738,144686.55478466194,217384.46701244923,509619.60399905336,70891.00626938278,1499412.6468994212
2045-02-01,503086.6660024433,130729.88502502776,196446.63067787263,460580.3588088182,64076.69149073292,1354920.2320048949
2045-03-01,554856.5053207614,144237.8809438271,216911.30941442182,508756.07021054433,70806.12842291503,1495567.8943124695
2045-04-01,537031.0695481756,139614.44713616,209996.51809955813,492591.81876379345,68564.98247798518,1447798.8360256723
2045-05-01,555163.9525083416,144335.59406784625,217126.28081962134,509359.76309932023,70906.06733189637,1496891.657827026
2045-06-01,537327.2846624439,139708.63596390345,210203.92617701532,493174.5304761381,68661.49026604973,1449075.8675455507
2045-07-01,555468.728888128,144432.55087868677,217339.97480616375,509960.3937049904,71005.58504809084,1498207.2333260598
2045-08-01,555629.384921164,144483.16149623145,217450.13209966567,510268.81961709145,71056.54612819187,1498888.0442623445
2045-09-01,540067.9157187992,140399.04155524092,211204.03197593882,495513.72877441155,68990.17359174596,1456174.8916161365
2045-10-01,558224.5143685134,145127.65333126317,218350.17825966532,512327.88843247364,71338.9625726546,1505369.1969645703
2045-11-01,540370.7958582875,140494.54124840692,211412.2912584105,496097.40998322086,69086.71304900957,1457461.7513973357
2045-12-01,558536.206948586,145225.97202971048,218564.7613356987,512929.5403258521,71438.51524124038,1506694.9958810876
2046-01-01,558693.527480743,145275.6362729761,218673.31378661323,513234.1111846281,71488.94499785894,1507365.5337228195
2046-02-01,504767.9057408253,131261.39064012116,197609.13654624668,463840.6901947645,64616.11284365918,1362095.235965617
2046-03-01,556710.7520517618,144824.30572050414,218194.91844981653,512357.42522226914,71402.20067166531,1503489.6021160171
2046-04-01,538824.2247092044,140181.3063600414,211236.94332923688,496072.2009487637,69141.11455510417,1455455.7899023504
2046-05-01,557016.0642200005,144920.81114344142,218406.41697023402,512951.6563466246,71500.72904042699,1504795.6777207274
2046-06-01,539118.4360506197,140274.34244817923,211441.01179973714,496645.7999648175,69236.26234862107,1456715.8526119748
2046-07-01,557318.8357792296,145016.59351499774,218616.6819802815,513542.91563138505,71598.84660834318,1506093.8735142369
2046-08-01,557471.6518522331,145064.97622973257,218723.04976568132,513842.2250929604,71648.54935985705,1506750.4523004647
2046-09-01,541843.1997769544,140959.94026101695,212432.23140099322,498963.06318472716,69561.86479049153,1463760.2994141832
2046-10-01,560051.4511540788,145705.10891132266,219615.67196291208,515883.4227678954,71928.49752608532,1513184.1523222942
2046-11-01,542131.3071587803,141051.23751071954,212633.32752826036,499529.4937512254,69656.02065782319,1465001.386606809
2046-12-01,560347.9411561339,145799.1011165853,219822.8743745176,516467.2928970989,72025.5922075924,1514462.8017519282
2047-01-01,560497.5843352445,145846.57908812404,219927.69250823662,516762.8612300144,72074.77675336448,1515109.4939149842
2047-02-01,506390.4714496648,131775.1137604532,198738.76085851868,467019.8376783641,65144.12888244174,1369068.3126294424
2047-03-01,558500.2869365041,145391.11058118584,219442.2205179446,515869.1046706915,71985.6698018841,1511188.3925082101
2047-04-01,540548.6940023442,140727.734792458,212440.42704530407,499461.95250123634,69704.56446321968,1462883.372804562
2047-05-01,558790.7077609834,145483.3693097427,219646.44447193685,516445.7733557848,72081.76547420502,1512448.060372653
2047-06-01,540828.5554334751,140816.67685333142,212637.47650857433,500018.5988578495,69797.36302776278,1464098.670680993
2047-07-01,559078.7118925168,145574.9368045942,219849.4773425846,517019.5580336944,72177.46048848267,1513700.1445618726
2047-08-01,559224.0703648506,145621.18964985304,219952.18595843617,517310.02047657524,72225.93597965289,1514333.4024293679
2047-09-01,543531.9022099186,141496.15801130224,213618.18741807048,502310.4543569331,70119.44088324744,1471076.1428794719
2047-10-01,561789.2871812113,146257.15499172997,220837.63953700726,519333.8751830838,72503.47680965348,1520721.4337026859
2047-11-01,543805.9573099753,141583.4377356363,213812.3667638745,502860.1441146498,70211.27201169227,1472273.177935828
2047-12-01,562071.3160437278,146347.0110804029,221037.71513906567,519900.48907866504,72598.17419199907,1521954.7055338605
2048-01-01,560677.5534126563,145992.4197494858,220534.7226762139,518766.04411737045,72447.65753830833,1518418.3974940346
2048-02-01,524643.125729356,136617.16267714716,206402.49588954524,485567.55990387034,67818.66625761263,1421049.0104575313
2048-03-01,558607.9563572801,145519.25022700126,220026.1221782131,517822.62388192286,72352.3526933319,1514328.3053377492
2048-04-01,543088.494304189,141433.80924916666,213734.50706754188,502900.7182984443,70253.46751093736,1471410.9964302792
2048-05-01,558896.1857903413,145610.1910393782,220226.2867790312,518387.7829495011,72446.64131834559,1515567.0878765974
2048-06-01,543366.3564838669,141521.50520447653,213927.6643079531,503446.3002898238,70344.52593151381,1472606.3522176342
2048-07-01,559182.1357119953,145700.47655791047,220425.31080376112,518950.16639545304,72540.54240206775,1516798.6318711876
2048-08-01,559319.6516278108,145744.4525915904,220523.94360178246,519230.5000360237,72587.56203331581,1517406.1098905231
2048-09-01,543683.0434483315,141629.08464716558,214187.44191411734,504201.4600605955,70473.29754596732,1474174.3276161773
2048-10-01,559508.0404924962,146392.3264928992,221421.94936812262,519728.5816672935,72673.33401072172,1519724.2320315333
2048-11-01,543942.3282486597,141712.07177284316,214373.92056529422,504731.99249145517,70562.37216510151,1475322.6852433537
2048-12-01,559774.8723025174,146477.7641353404,221614.09195415463,520275.4520944161,72765.18936265832,1520907.369849087
2049-01-01,563880.0993735343,146922.34729577968,222318.71994049498,523532.2909389311,73206.1290385451,1529859.5865872852
2049-02-01,509426.6008133809,132741.60717084157,200890.14679811284,473114.67920729774,66163.3348697923,1382336.3688594252
2049-03-01,561848.8474178211,146457.46936696692,221817.7254558651,522601.4534682731,73111.91443703644,1525837.4101459626
2049-04-01,543769.1774980772,141754.24216404255,214730.56926568004,505956.48090957955,70791.65540805698,1477002.125245436
2049-05-01,562098.1088886891,146538.55258122837,222004.081459619,523135.9035044212,73202.23967986277,1526978.8861138204
2049-06-01,544009.3224666193,141832.39892122612,214910.36721520708,506472.3539281765,70878.87938138112,1478103.3219126102
2049-07-01,562345.1837354006,146619.00407923906,222189.32693663708,523667.6375514266,73292.18381279649,1528113.3361155
2049-08-01,562476.7003001026,146661.27420085715,222285.0904368239,523941.18261340674,73338.29493667957,1528702.54248787
2049-09-01,546666.2699683303,142498.85190158113,215869.1357830431,508711.3780397939,71193.63404903348,1484939.269741782
2049-10-01,565014.8508486298,147289.44687629055,223156.93795394,525931.8738766182,73611.19793489878,1535004.3074903775
2049-11-01,546914.2429013632,142578.61910299154,216050.18705520782,509229.055811493,71280.98647285497,1486053.0913439104
2049-12-01,565270.0386711651,147371.5686838216,223343.4868483747,526465.4901842909,73701.27682228181,1536151.861209934
2050-01-01,565398.8241106612,147413.04828350592,223437.85513911932,526735.616085091,73746.90718218544,1536732.250800563
2050-02-01,510798.6382824055,133184.59194566702,201899.81977917877,476004.56544153497,66651.2368141241,1388538.8522629105
2050-03-01,563362.0736006602,146946.2266637317,222932.58035384753,525793.6155649994,73651.05662625423,1532685.5528094932
2050-04-01,545233.7112566129,142226.94501833612,215808.16877608493,509041.87763552665,71312.81073464836,1483623.5134212088
2050-05-01,563612.0378030764,147026.83393481755,223116.44768764073,526320.6502722919,73740.20869112397,1533816.1783889504
2050-06-01,545474.5870255774,142304.65448739016,215985.57675751232,509550.6133397647,71398.9039316275,1484714.335541872
2050-07-01,563859.9219662057,147106.83726887166,223299.242662807,526845.0491994193,73828.98904839232,1534940.040145696
2050-08-01,563985.0197195157,147147.24649050346,223391.71172342132,527110.5086957886,73873.96158953394,1535508.4482187629
2050-09-01,548119.7484923876,142967.35366444528,216936.88090453728,511770.6629676572,71710.92161524654,1491505.5676442736
2050-10-01,566510.6190162261,147771.77809661184,224257.10515835264,529085.3496806244,74144.63119734338,1541769.4831491585
2050-11-01,548355.626523816,143043.61069164655,217111.70482968635,512273.04079341306,71796.11727779996,1492580.1001163619
2050-12-01,566753.3600302875,147850.28611494505,224437.2376123661,529603.1949795573,74232.486006139,1542876.564743295
