Country Name,Country Code,Series Name,Series Code,2010 [YR2010],2011 [YR2011],2012 [YR2012],2013 [YR2013],2014 [YR2014],2015 [YR2015],2016 [YR2016],2017 [YR2017],2018 [YR2018],2019 [YR2019],2020 [YR2020],2021 [YR2021],2022 [YR2022],2023 [YR2023]
Afghanistan,AFG,Population growth (annual %),SP.POP.GROW,2.93468670173474,3.69150308391849,4.04786256315645,3.41822667584596,3.63251884652008,3.11995924146907,2.53571991833963,2.80833730805469,2.91080959861384,2.98438913621969,3.15360920291972,2.35609779179185,1.43570437048699,2.13559384981397
Africa Eastern and Southern,AFE,Population growth (annual %),SP.POP.GROW,2.77225647530945,2.72098204624473,2.73011584727331,2.78635819350615,2.74099739577196,2.73352397052172,2.67591983861189,2.67727931034587,2.7719868292526,2.75905656190882,2.73628313165544,2.68484883132038,2.62665871413246,2.55285936960851
Africa Western and Central,AFW,Population growth (annual %),SP.POP.GROW,2.82618879079497,2.86308116459111,2.82029989246541,2.76880017046071,2.76793027558122,2.73612176996667,2.7089556783763,2.66108668870844,2.56598948293087,2.4700607921237,2.41794516785151,2.39198885812581,2.35968049760977,2.4149012043294
Albania,ALB,Population growth (annual %),SP.POP.GROW,-0.49646196338738,-0.269017331764615,-0.165151040121679,-0.183211384606402,-0.207046999760594,-0.291205786840436,-0.159880412127734,-0.0919722937442495,-0.246732042281782,-0.426007367032238,-0.574206959244013,-0.926918061639398,-1.21579032012532,-1.14841763771287
Algeria,DZA,Population growth (annual %),SP.POP.GROW,1.9470588317966,1.9568943735315,1.99280790148967,2.01953115835273,2.03786524232338,2.05624795728459,2.05569111181654,2.03200060784518,1.93780623340147,1.84041291439333,1.71191216459393,1.61936460233826,1.58758210690673,1.49897601193923
American Samoa,ASM,Population growth (annual %),SP.POP.GROW,-0.541732698337665,-0.604780136721016,-0.742342325127959,-0.890369493241287,-1.00492136443654,-1.10585645130594,-1.20431808595042,-1.26938746413556,-1.32302357149178,-1.38257886328442,-0.896274880494128,-1.0829920166826,-1.81008765020754,-1.71290294190977
Andorra,AND,Population growth (annual %),SP.POP.GROW,-3.86696538756774,-3.68900236441521,-1.22756477898092,-2.15758099819573,-1.95667320426838,-2.14248382559065,0.00969831319383994,2.16803975005007,1.87885332176802,1.73050296926809,1.17775354895761,1.26362889534188,1.69676808598242,1.43374756867515
Angola,AGO,Population growth (annual %),SP.POP.GROW,3.85109824897149,3.8879459971363,3.88358355528674,3.84998068971631,3.73272806660513,3.60507162233632,3.57644143982026,3.54061221486272,3.45323300897802,3.38788422184303,3.26795864914978,3.18132259995095,3.14302612044601,3.08065530722915
Antigua and Barbuda,ATG,Population growth (annual %),SP.POP.GROW,1.35346888620455,1.17914352935743,1.06918387987395,0.917165517536032,0.792860528793727,0.722892009464778,0.624381829779871,0.553103046635761,0.504979187034594,0.480553889847623,0.526173366134419,0.546161676855974,0.530270318994476,0.511400156215609
Arab World,ARB,Population growth (annual %),SP.POP.GROW,2.01518786871135,2.33419540096943,2.41234349549038,2.60454541373505,2.37284190270832,2.48848060268234,2.34468077710757,2.02653072107492,1.7935767154805,1.89983758184613,2.12521294081431,1.52590024157877,2.32400780343973,2.18848579312262
Argentina,ARG,Population growth (annual %),SP.POP.GROW,1.05636332156278,1.06474009749784,1.0276613644946,0.992958989681133,1.0317435786984,1.04725888735726,0.968911125580978,0.881249595012674,0.822969480473088,0.710900853077743,0.484665636741261,0.265879395046274,0.210808731072658,0.286976121920089
Armenia,ARM,Population growth (annual %),SP.POP.GROW,-0.693856288987436,-0.556590762896162,-0.125578337719131,-0.0694662703047376,-0.271712284863074,-0.305729335573084,-0.410212518071397,-0.432038450211669,-0.349674218173286,-0.219168932037313,-0.0337609726366775,0.0270096898904032,0.2326562627468,0.728178919340382
Aruba,ABW,Population growth (annual %),SP.POP.GROW,0.230041095930877,0.736689418341162,1.46978228958006,1.49203139661921,1.06551209965487,1.02370103122312,0.75796755862231,0.007357607309414,0.158975971141518,0.270504632854835,-0.565684046703506,-0.82021108315363,-0.362774222330685,0.0456516784920034
Australia,AUS,Population growth (annual %),SP.POP.GROW,1.55570626204128,1.38952731561803,1.74582000067359,1.721151439989,1.49156648912847,1.43921665259925,1.56194049810399,1.64682779735017,1.49599671041328,1.47749071058438,1.23342825131378,0.14089508329287,1.27269881377618,2.4474661688131
Austria,AUT,Population growth (annual %),SP.POP.GROW,0.240394299500766,0.337080841831645,0.45593747231891,0.589387254692989,0.781541632525841,1.12099250236958,1.08139629872802,0.694621103604983,0.487071924768999,0.444673639004876,0.415176731565556,0.435671684056384,0.956287797076634,0.989464653969154
Azerbaijan,AZE,Population growth (annual %),SP.POP.GROW,1.18978770786007,1.30300085487651,1.32876382733755,1.29344702700591,1.24820899735588,1.19120985807018,1.11785721013911,0.98126180450475,0.866316916370841,0.846646726414021,0.684365325388407,0.441197735816311,0.039507866238038,0.120242150339289
"Bahamas, The",BHS,Population growth (annual %),SP.POP.GROW,1.27841716584672,1.15016412529445,1.00108170366546,0.923627563339724,0.878822235669929,0.794122280116855,0.700545015838571,0.624247409539043,0.569969444023085,0.497339072752345,0.300555038290333,0.128749531818761,0.293483989063331,0.477303918283875
Bahrain,BHR,Population growth (annual %),SP.POP.GROW,4.16585991920366,-2.76659927564461,1.1600872869288,3.59293039406627,4.78104318433597,4.15422184212278,3.82316300255316,5.29314527321994,0.131482303617889,-1.29469437720599,-0.781611308056263,2.16102845934147,1.34221960637543,3.37686417721007
Bangladesh,BGD,Population growth (annual %),SP.POP.GROW,0.876530534249878,0.908525895582217,0.958355912717609,0.938408350120779,0.911167733810249,0.89381937776758,0.892432416039535,0.850917315689336,0.820955197842845,0.84641125179804,0.836310836229073,0.814977993693211,1.02423384746683,1.22171475464107
Barbados,BRB,Population growth (annual %),SP.POP.GROW,0.407743308362451,0.325001827653213,0.288929228963865,0.26216966601587,0.245677832545378,0.230380947989644,0.217691837314076,0.204727378663704,0.192553930005438,0.176538259610281,0.174452216457154,0.159263661079578,0.0605883465692588,0.00637558575909917
Belarus,BLR,Population growth (annual %),SP.POP.GROW,-0.218522755959381,-0.234282914157686,-0.156617600248906,-0.0383800002667846,0.056151567510169,0.132853236725342,0.0877210878706449,-0.109782322950581,-0.213824206997671,-0.201786600970723,-0.42347525027949,-0.82823272086807,-0.804228426880244,-0.540824986374776
Belgium,BEL,Population growth (annual %),SP.POP.GROW,0.913639391631709,1.3010029017038,0.620163579337378,0.471340143966627,0.44392928847521,0.579446241677791,0.506300002451376,0.385228018372369,0.455184695275022,0.540461327098122,0.430996815099722,0.411601996532257,0.808165350001861,0.913715890414841
Belize,BLZ,Population growth (annual %),SP.POP.GROW,2.41171251993503,2.17847430341063,2.15086754763262,2.13397522406827,2.11317688838933,2.10144194153298,2.32231207163985,2.30310203964335,1.86459847610366,1.46284533510266,1.28323598131052,1.1534704907648,1.85124805102003,2.05772774277288
Benin,BEN,Population growth (annual %),SP.POP.GROW,2.98424162798508,2.97782202797765,2.96766540040992,2.94885160135819,2.9550187594558,2.95391627666724,2.92460216679542,2.88117869411855,2.8136418840483,2.73538842831436,2.66259875153288,2.59230167510348,2.54740926342667,2.52274772277722
Bermuda,BMU,Population growth (annual %),SP.POP.GROW,0.251394586009326,0.0125531547811924,-0.136600245767712,-0.113189762124124,-0.0708087171509757,-0.102367855986115,-0.0236382404794606,0.203106496014494,0.397146720463835,0.431459657274573,0.428052860400885,0.412307799470137,0.156108751379667,-0.0787967316952785
Bhutan,BTN,Population growth (annual %),SP.POP.GROW,1.0954380761045,1.0978069996978,1.10777662014052,1.10832494505463,1.07871798585886,1.01496572424441,0.973884473914115,0.86127488782821,0.716471130925301,0.66444642692507,0.675256502719854,0.703488233671584,0.703183917780367,0.698146584889649
Bolivia,BOL,Population growth (annual %),SP.POP.GROW,1.64440681785103,1.62276978666345,1.59965176170266,1.57374447646261,1.54455877769864,1.51686119793977,1.48970583998181,1.46124572329841,1.43337090655267,1.40657823805422,1.23396442673807,1.01931284088344,1.16425907336882,1.37334382280772
Bosnia and Herzegovina,BIH,Population growth (annual %),SP.POP.GROW,-1.77665932121615,-1.84492216631166,-1.93437927837206,-1.62767576055568,-1.2829607801223,-1.30696713269434,-1.30267774814121,-1.28437067954589,-1.22313569369776,-1.23185506471358,-1.39008469041609,-1.66384860150923,-1.24363802761194,-0.617510129445164
Botswana,BWA,Population growth (annual %),SP.POP.GROW,2.10943597528371,1.96877479635498,1.67774021157009,1.50921875015756,1.45441898422222,1.42753223737773,1.41970172619868,1.42047647332447,1.41898108514606,1.42262847077389,1.4394103578493,1.49130106425067,1.58848021878269,1.64031664035479
Brazil,BRA,Population growth (annual %),SP.POP.GROW,0.84088322514573,0.81381388423754,0.811598483382088,0.810511647523289,0.806314177734439,0.791721773592796,0.761972670496742,0.72824666001736,0.683439571425594,0.651994346081362,0.579350709708032,0.425360907216456,0.360180890872169,0.395928695574996
British Virgin Islands,VGB,Population growth (annual %),SP.POP.GROW,1.66509594565746,3.6716015538272,5.53862651548459,4.37795543415716,3.89440691825982,4.55459685304489,-1.8135515178247,-3.54213397683474,5.81552290387566,4.8931677135622,2.01285185510385,1.79872484022046,1.33986872052852,1.72311000328138
Brunei Darussalam,BRN,Population growth (annual %),SP.POP.GROW,1.89897689252094,1.78274591747739,1.53255515873327,1.38231470645459,1.34019436885468,1.30210359279592,1.25964272152269,1.2107045656128,1.15739958778106,1.10621350885567,1.06148281648515,0.96027430523198,0.804554269312164,0.782881746925984
Bulgaria,BGR,Population growth (annual %),SP.POP.GROW,-0.658275446635908,-0.641228920515067,-0.579220596364389,-0.559647217410859,-0.568389264052903,-0.638069468160719,-0.701382097841331,-0.730443175298289,-0.722080405222853,-0.703905641117455,-0.60024151846542,-0.814846471528947,-3.46781051603393,-3.00602010787702
Burkina Faso,BFA,Population growth (annual %),SP.POP.GROW,2.92577947499021,2.95657078370668,3.0171707485343,3.00083639274971,2.9733794200807,2.96196306547686,2.92508251378454,2.85291595529266,2.69713675384815,2.52989803984158,2.43522959287393,2.37649218888363,2.30907147387783,2.26973666268599
Burundi,BDI,Population growth (annual %),SP.POP.GROW,4.68101057302388,3.57769854786004,3.56852147814432,3.59186709345175,3.39447686677984,2.26851729292704,1.72186004024144,2.35048627086438,3.01898182778662,3.28367531420808,2.9086530249822,2.72425539520386,2.70585008916716,2.72764441044431
Cabo Verde,CPV,Population growth (annual %),SP.POP.GROW,0.717181999615317,0.325685661710053,0.0992767342106355,0.052725108136232,0.0197159536864678,0.0132719182020122,0.0312210963482392,0.0661175101881539,0.101723857752759,0.134109462358547,0.11178257414313,0.38203217521266,0.596688345869947,0.497087597239901
Cambodia,KHM,Population growth (annual %),SP.POP.GROW,1.55621745380597,1.51839242344005,1.49998418675996,1.49510212980529,1.4824372519955,1.46023762985186,1.45860767566845,1.38176596089867,1.24368277407927,1.26258301009769,1.47062988552696,1.47677836241244,1.33088813106016,1.28320677599476
Cameroon,CMR,Population growth (annual %),SP.POP.GROW,2.85766146651935,2.82842297078772,2.8130471843416,2.80909371019789,3.02592195035823,3.13934346036401,2.98933225067819,2.83499798189177,2.77030987519388,2.78164441246944,2.7244863481235,2.65496076580698,2.62905090961273,2.64245336134821
Canada,CAN,Population growth (annual %),SP.POP.GROW,1.11135202971694,0.97540725097113,1.08374652233653,1.05338098055318,1.00142284689661,0.760300145238936,1.13153974027004,1.19543575451553,1.43322615679352,1.46171259938134,1.08436897113225,0.553902422386893,1.81192255344382,2.93227401162387
Caribbean small states,CSS,Population growth (annual %),SP.POP.GROW,0.663707221499777,0.611670806455052,0.701788458968196,0.825161729832629,0.825401722586449,0.792906847980234,0.772940276415369,0.738726627966841,1.2944977366725,1.00653935669264,0.436094518323074,0.615409090865001,0.63941195696502,0.667059449050853
Cayman Islands,CYM,Population growth (annual %),SP.POP.GROW,2.77574348652733,2.74754077100958,2.71432817487524,2.6238432105591,2.53348566839008,2.43357767472909,2.33773131582921,2.24869427399836,2.15526905432315,2.08009420729087,1.9954930548265,2.05206347593734,2.09324575309515,2.00104859136332
Central African Republic,CAF,Population growth (annual %),SP.POP.GROW,-0.799202484181735,1.59035970102042,0.998867377606297,0.682377856508138,-0.415235398986532,0.132677645471712,1.80553237158984,1.67978155291511,1.76068487647458,1.34469255324203,1.64324789708014,1.68608971248183,-0.275432271573156,1.06107453184959
Central Europe and the Baltics,CEB,Population growth (annual %),SP.POP.GROW,-0.361666299699507,-0.23693312734882,-0.236056895481013,-0.227242619053044,-0.224290294293695,-0.244908659231584,-0.270537547296058,-0.262168852511451,-0.211939855530872,-0.152977297803531,-0.230756579555205,-1.37099846001803,-0.355886308735535,-0.113214356520089
Chad,TCD,Population growth (annual %),SP.POP.GROW,3.46077094768596,3.53020185416521,3.51265481153462,3.5694788341769,3.56998697827762,3.18336105662872,3.13868697646131,3.30639583736028,3.35956028710956,3.21991132048391,3.18197036099619,3.44423869357111,3.45668911084691,4.57399213394625
Channel Islands,CHI,Population growth (annual %),SP.POP.GROW,0.70224119137965,0.681691594926131,0.662148684316799,0.626273191358049,0.584896106024657,0.446380040967648,0.262115340226344,0.265690188653133,0.38266747377841,0.417438625700863,0.359172843142478,0.30392604241618,0.283869921965387,0.284259058075622
Chile,CHL,Population growth (annual %),SP.POP.GROW,1.00455362363927,0.986604121119825,0.959562935237505,0.95374468290385,0.996818460180589,1.0215666887643,1.2094154366484,1.58394825779579,1.78538584857741,1.59911795256016,0.896491953505063,0.441498091207504,0.495789591494285,0.53962870957127
China,CHN,Population growth (annual %),SP.POP.GROW,0.482959688678361,0.546457594880274,0.678345458846803,0.666072977690069,0.630326389541893,0.581456146657648,0.573050906069647,0.605245013482969,0.467672053461959,0.354740890170827,0.238040870229883,0.0892522000412526,-0.0130995013525784,-0.103794531589067
Colombia,COL,Population growth (annual %),SP.POP.GROW,1.13596836363633,1.07133727666266,1.00290782655336,0.948709328751527,0.892711563926366,0.864942376762699,0.990548549326914,1.45147726169193,1.83913784861099,1.78615507724394,1.43632167326968,1.09642825395961,1.06829295530618,1.12092864340999
Comoros,COM,Population growth (annual %),SP.POP.GROW,1.98790768401212,1.99871797531046,2.01149862727803,2.11384957294193,2.17541496047092,2.11093338446849,2.05111578193354,1.99257798738542,1.95274153616222,1.92385702700328,1.96199379762606,1.97631988078353,1.93837687010445,1.92327433672711
"Congo, Dem. Rep.",COD,Population growth (annual %),SP.POP.GROW,3.18751592835336,3.28016564590395,3.33860489598034,3.40170849300578,3.39069033335839,3.3022434270539,3.54100823238224,3.65684620577994,3.34726508426912,3.1695285579572,3.22098049233111,3.23790848096045,3.2234019442495,3.25963514299902
"Congo, Rep.",COG,Population growth (annual %),SP.POP.GROW,4.14243050486562,3.25058981932031,2.79640825415116,2.43092781986762,2.41608932821437,2.41638740919909,2.42169941927317,2.43024073423953,2.43884022378671,2.40634419722279,2.39477691216791,2.39414288318435,2.39665300284304,2.41919038084212
Costa Rica,CRI,Population growth (annual %),SP.POP.GROW,1.24057536472066,1.17549258554055,1.16676672488044,1.11328546681261,1.07499865275958,1.06246520512643,1.01105286688192,0.944345948457895,0.904494518403601,0.838278384859255,0.6929953994471,0.508564932290693,0.429453043658398,0.46646444898736
Cote d'Ivoire,CIV,Population growth (annual %),SP.POP.GROW,2.20359114199838,2.17265768049368,2.08872019159152,1.99427988380631,2.42493545476417,2.88906178023194,2.90076810314127,2.82237176165589,2.69696827034562,2.61916841176218,2.53019803537112,2.47398737434864,2.51622934953513,2.50384681190665
Croatia,HRV,Population growth (annual %),SP.POP.GROW,-0.226821270818422,-0.345264228485821,-0.474278461071106,-0.622679127955842,-0.766382113019195,-1.19410185876662,-1.08634598144505,-1.60675520461679,-1.31087324504252,-0.992302961069294,-0.894863743984583,-0.904000889163613,-0.603521952188318,0.104856226330186
Cuba,CUB,Population growth (annual %),SP.POP.GROW,0.023813604568028,0.0368335212213653,0.0141917100302061,-0.0443159532912746,-0.109741702698894,-0.0949432805207596,-0.0838750367097098,-0.157976772172404,-0.1843030451865,-0.216424863402489,-0.236755669324081,-0.486006262271645,-0.562151275082133,-0.361317873522215
Curacao,CUW,Population growth (annual %),SP.POP.GROW,1.26551415533004,1.42089766276671,0.829929595036991,1.13367890654299,1.34764139563651,1.31959390251523,1.06031644056836,0.319536038312865,-0.525178744011738,-1.19643951751799,-1.59676619476798,-1.6777912474095,-1.56965834139861,-1.43292207278827
Cyprus,CYP,Population growth (annual %),SP.POP.GROW,1.64898311615441,1.6424698555703,1.63540837414934,1.57480485967812,1.50114149056878,1.46213136863434,1.43370522557944,1.377808546931,1.30393306995205,1.24612155650882,1.20329712567783,1.1499785451605,1.06174678712373,1.0167681770201
Czechia,CZE,Population growth (annual %),SP.POP.GROW,0.29136167418042,0.206747667335417,0.139925655740972,0.0331699460503076,0.105277581527518,0.196588748472653,0.192048415842684,0.265642663548985,0.334427262299794,0.393788864202175,0.243222682211879,-1.81187141002542,1.5709725672011,1.78238907045946
Denmark,DNK,Population growth (annual %),SP.POP.GROW,0.444197154509531,0.411737855195019,0.376272242619955,0.416901360752097,0.507053283010163,0.706423849687002,0.780392644135167,0.643350903737356,0.495838925879129,0.358130915892652,0.291641177476633,0.433414489409722,0.787502464739957,0.741185515720057
Djibouti,DJI,Population growth (annual %),SP.POP.GROW,2.03332270229716,1.94884944824561,1.8993890613377,1.85261177020025,1.80056496059208,1.73961273409176,1.68519891610854,1.64286125399062,1.60259372935612,1.55766086478885,1.50228656339009,1.44268944208775,1.40352932560807,1.38410272350128
Dominica,DMA,Population growth (annual %),SP.POP.GROW,-0.00726095133303796,0.281339010328044,0.094086320276983,0.860031375499996,0.9394164226089,0.0525631657968539,-1.14845280097172,-1.60754211187345,-0.471208891199626,-0.432182012456847,-0.453294538586472,-0.550548598917183,-0.561078261856387,-0.473991407609536
Dominican Republic,DOM,Population growth (annual %),SP.POP.GROW,1.28013209833069,1.26934108138221,1.24691664021516,1.21814094005704,1.18674032060011,1.14988204322301,1.11122425240832,1.08787494846018,1.07428473724925,1.0333133463082,1.04334076460591,1.04082961778304,0.959629735113671,0.891159203732232
Early-demographic dividend,EAR,Population growth (annual %),SP.POP.GROW,1.55878267767766,1.5628864921208,1.50631611916559,1.4648499694905,1.389409724468,1.38294864374285,1.33889476014662,1.26898549756137,1.227368940274,1.23013063191095,1.22313600779404,1.0593157469979,1.12524616552361,1.16497016934463
East Asia & Pacific,EAS,Population growth (annual %),SP.POP.GROW,0.703231754128453,0.732080730743576,0.818298347186271,0.799913647233666,0.763691634894471,0.72048814429067,0.705470996829121,0.707765372801589,0.604283390982403,0.519461917814311,0.409683466373849,0.240805303101737,0.189625522122356,0.202354062492944
East Asia & Pacific (excluding high income),EAP,Population growth (annual %),SP.POP.GROW,0.744490709014173,0.78559409120551,0.877769064921765,0.861358324996317,0.8169394821373,0.767850983940548,0.750722855646657,0.760438686787452,0.644886334653421,0.551771286313254,0.453365943794125,0.315168303436934,0.235214356889642,0.185949551047358
East Asia & Pacific (IDA & IBRD countries),TEA,Population growth (annual %),SP.POP.GROW,0.748409242511983,0.789966158953575,0.883168966009833,0.866371584690313,0.821201434197391,0.771393894146001,0.754122570744457,0.764153872332059,0.647458503975542,0.553531844302626,0.454290197455236,0.314505803792841,0.233568119502081,0.184031725241482
Ecuador,ECU,Population growth (annual %),SP.POP.GROW,1.67708805313164,1.6415369766541,1.59213440589397,1.49740896116979,1.43205886583809,1.43093059839379,1.45809147770557,1.52946083980042,1.71572391035149,1.68935479627168,1.18125258230486,0.774314023514489,0.796723652034201,0.872456027022398
"Egypt, Arab Rep.",EGY,Population growth (annual %),SP.POP.GROW,1.91795124102801,2.1044607622412,2.24475795490011,2.30526364315625,2.27643956620182,2.09892554805563,2.03468294927084,1.99817843887244,1.89713831833082,1.75497438173801,1.62495386951696,1.4908053906311,1.48609697540294,1.68834126904494
El Salvador,SLV,Population growth (annual %),SP.POP.GROW,0.329632681613896,0.359883978139975,0.390819912101065,0.405850184762601,0.392073398284828,0.335654632494608,0.276539934558171,0.205133928097967,0.100922206462958,0.0403628806830014,0.198362574897496,0.338002420196154,0.39146192798287,0.465531145369394
Equatorial Guinea,GNQ,Population growth (annual %),SP.POP.GROW,4.59586770504622,4.34060206449919,4.07484554769573,3.99605995538999,3.90501924555756,3.79160484192286,3.66421838047825,3.53129362583944,3.39945242088076,3.271454421427,2.73390823188935,2.43551071649529,2.5130374213272,2.41057232825781
Eritrea,ERI,Population growth (annual %),SP.POP.GROW,1.96475727107645,1.79351881087532,1.27590736754429,1.22305147270022,0.674705166672434,0.334574415524454,0.614809318134095,0.817496698225399,1.33731409848117,1.47474580694345,1.56406078076077,1.77411588481268,1.75351368458045,1.77168715176453
Estonia,EST,Population growth (annual %),SP.POP.GROW,-0.22805796852935,-0.303582823643979,-0.357944411443807,-0.355891802625531,-0.262256175097854,0.0655525295417938,0.0291122255540077,0.121070631466687,0.348039137980543,0.371554389037477,0.197559185177642,0.105996956310127,1.33655151148286,1.57745133607335
Eswatini,SWZ,Population growth (annual %),SP.POP.GROW,0.586161116007687,0.554659161024556,0.537986822820009,0.54369252057836,0.556770676458685,0.57162769864017,0.584038792817515,0.752960394981198,0.922518621738631,0.931970814127083,1.0836305772053,1.15567266949473,1.01620740015869,0.946270731993531
Ethiopia,ETH,Population growth (annual %),SP.POP.GROW,2.83517457968806,2.84354457485296,2.80390393439601,2.71847231803133,2.68299781796922,2.68480186138776,2.70788250761242,2.72524097063889,2.69675179524869,2.69123978261516,2.71077284780816,2.67249538803955,2.62269500936104,2.6036241976442
Euro area,EMU,Population growth (annual %),SP.POP.GROW,0.23082503835154,-0.217598904054782,0.214231736005516,0.331195009203228,0.333170158970717,0.287495669558652,0.278419213446824,0.196629652367847,0.223725639616973,0.100599285179939,0.135183018327183,0.0496428068289987,0.44154649855848,0.299354176558552
Europe & Central Asia,ECS,Population growth (annual %),SP.POP.GROW,0.357013489612058,0.214856216677589,0.395329333951253,0.462515639690267,0.476752174962499,0.457215090524869,0.453282771563536,0.400979486376059,0.382242959298267,0.33416302491311,0.246720680671686,-0.001372571313496,0.0334552567412771,-0.0448969185603687
Europe & Central Asia (excluding high income),ECA,Population growth (annual %),SP.POP.GROW,0.81293388572719,0.817765682698848,0.830173145271758,0.884036157294091,0.902934910787252,0.889315349836835,0.906408155725686,0.875569317316845,0.86889222684043,0.893323165902999,0.722091328254891,0.609787363165367,-0.535232062298689,-0.672880612409273
Europe & Central Asia (IDA & IBRD countries),TEC,Population growth (annual %),SP.POP.GROW,0.369727535338711,0.431100185514353,0.479688931160325,0.521398523406333,0.530962969387289,0.510644105014066,0.512664288195779,0.476431251574681,0.438640751745154,0.446966988271342,0.289490713295876,-0.0263240082047673,-0.506849860661561,-0.523300452447288
European Union,EUU,Population growth (annual %),SP.POP.GROW,0.140121589423117,-0.176569017719359,0.147528617895603,0.242409136524685,0.249139535129999,0.216643821064537,0.210723914841097,0.155030053603952,0.173950380903065,0.0781478739314707,0.0783206965624856,-0.243357388825743,0.287319074484785,0.213649199385443
Faroe Islands,FRO,Population growth (annual %),SP.POP.GROW,-0.275018644732287,-0.234568008788139,-0.520479519357871,-0.0932285098134919,0.376523605142669,0.971968732398671,1.14472860867869,1.44112644042993,1.61300196085293,1.55072032409694,1.487101739641,1.40530805636675,1.18770449092473,0.977560950757493
Fiji,FJI,Population growth (annual %),SP.POP.GROW,0.34990116341096,0.28188992280493,0.211061144367838,0.156612656036956,0.134464835572885,0.108160342715375,0.0639915048086223,-0.0442890767199793,-0.172010114641272,-0.24900685817593,0.00699506301854314,0.190863715994045,0.295294727557318,0.51237740019889
Finland,FIN,Population growth (annual %),SP.POP.GROW,0.457494535465831,0.463558707499131,0.475809486683209,0.460723772785295,0.413560207519414,0.329383885818507,0.287421401687637,0.234670531705453,0.132641040791912,0.110191690491055,0.143641197212847,0.207288594407348,0.271944526506117,0.499192375381062
Fragile and conflict affected situations,FCS,Population growth (annual %),SP.POP.GROW,2.50060267330166,2.47158965157151,2.474088115648,2.4433902580294,2.33644741350783,2.23322907879636,2.23559815814522,2.23532177008201,2.21162785566516,2.22046529522753,2.24318649629144,2.20748764239669,1.91078592957712,1.98730921261337
France,FRA,Population growth (annual %),SP.POP.GROW,0.492976371032656,0.482667411007127,0.483714919435185,0.516915013016667,0.474847846171767,0.355569240058298,0.263868788565368,0.29020211635109,0.358494581816163,0.332559129027963,0.324557781035362,0.356902332389048,0.326992498564887,0.326319200823468
French Polynesia,PYF,Population growth (annual %),SP.POP.GROW,0.406991623911333,0.423008262968887,0.498155436017889,0.600207711920296,0.602054021803628,0.53369255935478,0.471058812613167,0.325069797127642,-0.0971598677616479,-0.279503231980126,0.0626967129843171,0.208586464560115,0.209222276724143,0.263581727538977
Gabon,GAB,Population growth (annual %),SP.POP.GROW,3.44994267851283,3.54739719912158,3.57746904510728,3.52009296367142,3.35844001734251,3.11465625322556,2.86485541015556,2.65889572463952,2.53688289832205,2.47279132038176,2.38922359813697,2.30612435799096,2.24763901253797,2.19891289669511
"Gambia, The",GMB,Population growth (annual %),SP.POP.GROW,2.90737929979677,2.92337692748517,2.94591935774346,2.92894143394412,2.84475839442236,2.73428839872651,2.62819405087404,2.52588138504562,2.42294300881827,2.35622071960344,2.3686612920428,2.36774778418782,2.31992109797091,2.30124049704572
Georgia,GEO,Population growth (annual %),SP.POP.GROW,-0.729475256932528,-0.802164039694326,-0.736565518814038,-0.300972141406188,0.0469539002549217,0.157481405176007,0.0598165991047394,0.0133860746662629,-0.0390365463489613,-0.171565740223868,0.0686562494680967,-0.379636607027231,0.104889950638883,0.0802640328443946
Germany,DEU,Population growth (annual %),SP.POP.GROW,-0.153198446937304,-1.8537146287573,0.187727800567293,0.272900214681538,0.416877359168292,0.865702643950251,0.807218538573871,0.373724559895838,0.300526701992065,0.22551987421288,0.0816931586494595,0.0423270572552137,0.720875455989295,-0.620053754616789
Ghana,GHA,Population growth (annual %),SP.POP.GROW,2.43301424000427,2.40497145453178,2.4199090803465,2.40927930949909,2.36498553072391,2.30712733064921,2.27621203911157,2.19535792776401,2.07517136640112,2.00780519953703,1.99181985149439,1.95904584379494,1.92029034344132,1.90860289687983
Gibraltar,GIB,Population growth (annual %),SP.POP.GROW,1.3694209589518,1.30986803185429,1.15876879502585,1.17327064425681,1.24503294852893,1.1514231987378,1.39117589725216,1.72897993589869,1.76273395885819,1.81957598739227,1.89493160765265,1.87597072209458,2.01706920456894,2.26613272520816
Greece,GRC,Population growth (annual %),SP.POP.GROW,0.128880432668041,-0.147951277402184,-0.540752950543684,-0.725120806658085,-0.666113290031891,-0.658861360878339,-0.415913028277122,-0.197783224759792,-0.202880238259165,-0.105339392724138,-0.214592106571664,-1.21680248998544,-1.25988945727074,-0.300290930163656
Greenland,GRL,Population growth (annual %),SP.POP.GROW,1.02802332572502,-0.0263631971297131,-0.14072121935205,-0.577265864735276,-0.333398666658893,-0.322038549275343,0.128227978389047,-0.0249203440297217,-0.265609140509557,0.359917714454119,0.252238303411568,0.506106194434674,0.0141200557976914,0.359389425458904
Grenada,GRD,Population growth (annual %),SP.POP.GROW,0.297971859311282,0.440838574124411,0.619070350394075,0.629360962214971,0.566738037163935,0.475508745345535,0.39511639438688,0.26716646126376,0.218925449466702,0.250354079448358,0.309914935427349,0.297817230024271,0.192636221230939,0.143593450145476
Guam,GUM,Population growth (annual %),SP.POP.GROW,0.209801847347007,0.0126101511883972,-0.127375540693071,-0.219683082780057,-0.289634900711689,-0.351704858120325,-0.408339926567039,-0.453432485979039,-0.49728924043186,-0.536848682318792,0.216072141009173,0.964756108149453,0.881705873116992,0.799555642468131
Guatemala,GTM,Population growth (annual %),SP.POP.GROW,1.9815646590713,1.99386386318175,1.99138673642109,1.95360189099984,1.89511231857489,1.83250767864618,1.84256060230578,1.81876091504989,1.66602273310221,1.52062955252943,1.47137710546514,1.3807587059317,1.40623710213146,1.53986971917384
Guinea,GIN,Population growth (annual %),SP.POP.GROW,2.45929310036327,2.47697352651722,2.45416156342286,2.44471498509098,2.48019346390261,2.53151277572433,2.56690869267138,2.55652318226129,2.54385572881799,2.56100451729991,2.55139953603925,2.50610419423246,2.48250409145397,2.46199049961035
Guinea-Bissau,GNB,Population growth (annual %),SP.POP.GROW,2.58492032110101,2.62922766462762,2.65952739224803,2.66229101877146,2.62731155689981,2.57045957815277,2.51155296505032,2.4363257519627,2.37405997248475,2.34095994762157,2.28895000835492,2.23903878745423,2.24235388639993,2.24529187264064
Guyana,GUY,Population growth (annual %),SP.POP.GROW,-0.378060196527414,-0.41500411640408,0.0180911674723709,0.498962145496388,0.559482928582681,0.601716278706478,0.626279284065059,0.643724559372237,2.95873919098606,2.0146740033225,-0.0227843180487706,0.985982406099209,0.751934221097092,0.57233513230005
Haiti,HTI,Population growth (annual %),SP.POP.GROW,1.16672671353074,1.13206279763289,1.54988860322553,1.50397078747826,1.46512576303264,1.43574035756707,1.39862723308259,1.36160662434986,1.32790959369268,1.29423660619831,1.24109993204209,1.15604339382525,1.12789828650149,1.15633263604117
Heavily indebted poor countries (HIPC),HPC,Population growth (annual %),SP.POP.GROW,2.80986431704309,2.81577871389311,2.83412513485362,2.84652747122685,2.90035154526009,2.89043876457499,2.91878739024709,2.97200113090979,2.90364400945764,2.82142091015474,2.8004949397547,2.73511188837365,2.63812901728882,2.61749583340556
High income,HIC,Population growth (annual %),SP.POP.GROW,0.433449860483975,0.417344264261516,0.57057151180679,0.611004627143359,0.571028906561537,0.619928533903106,0.59038922989167,0.431529582715285,0.317711441646722,0.306009458604038,0.444736186550571,-0.173936653676293,0.427409203025093,0.533291384111536
Honduras,HND,Population growth (annual %),SP.POP.GROW,2.12597244017857,2.06679823709264,2.02251270813154,1.97914318489325,1.93678209287486,1.90365241356179,1.87756675968273,1.85007611234979,1.82994643094924,1.81063773761993,1.75456432541029,1.66825063176954,1.67679658023776,1.71477388415816
"Hong Kong SAR, China",HKG,Population growth (annual %),SP.POP.GROW,0.734446396338105,0.672543291818633,1.1039579972368,0.401982535858444,0.702370950536049,0.851197911086988,0.619366345332479,0.768513877614955,0.800230596967774,0.739283471323064,-0.358932661902885,-0.91177674914823,-0.907914524343304,2.55352466697343
Hungary,HUN,Population growth (annual %),SP.POP.GROW,-0.226013875689698,-0.283360435946948,-0.516437606548041,-0.27536875707442,-0.269378767165116,-0.237855001984657,-0.295110604845478,-0.265860932255517,-0.126786951652838,-0.0452557101106228,-0.215067837129585,-0.413751024472153,-0.677000548147119,-0.542624252156938
IBRD only,IBD,Population growth (annual %),SP.POP.GROW,1.03214300897976,1.04666210371256,1.0926931778217,1.103254112771,1.06350233597684,0.998572008143597,0.959352236133697,0.937809526591948,0.866150261333232,0.793860263588428,0.694463540923977,0.543750132687521,0.464648414226843,0.484508127737143
Iceland,ISL,Population growth (annual %),SP.POP.GROW,-0.143903000294037,0.305468368224399,0.532100734916982,0.945885900369151,1.11250475522796,1.04194038662969,1.38808149583838,2.34558267643862,2.67814276922904,2.19893225826166,1.6230862512591,1.6393166402584,2.51377343254216,2.92687965279829
IDA & IBRD total,IBT,Population growth (annual %),SP.POP.GROW,1.35652385128509,1.36256548710818,1.38127543498004,1.35190306164294,1.32719376231253,1.28075801642208,1.26197411810102,1.25658432137863,1.21310767892638,1.16941999002999,1.1021304150304,0.986817489766437,0.919079893624343,0.937936255296961
IDA blend,IDB,Population growth (annual %),SP.POP.GROW,2.60166478246155,2.48346256863294,2.31136476573471,2.15691747401129,2.08227150361955,2.00371416363613,1.93483186594889,1.95781734738358,1.9877903115113,1.97333541008203,1.99727952566531,2.01359388128822,1.95951193590832,1.88725723151266
IDA only,IDX,Population growth (annual %),SP.POP.GROW,2.25124528580221,2.26077742037781,2.2326511874469,2.07055751594176,2.12803330957092,2.16819424074799,2.25116252044695,2.28579301894747,2.30886599115101,2.35162660874855,2.34945812084233,2.28725475272225,2.22888891569136,2.25903571594539
IDA total,IDA,Population growth (annual %),SP.POP.GROW,2.36923371454425,2.33592713999032,2.25925301224581,2.09975836355507,2.11255123140094,2.11256404348357,2.1442877036955,2.17521106491618,2.2008408041885,2.22461671086907,2.23150609065559,2.19580995603941,2.13903609189545,2.1352440246788
India,IND,Population growth (annual %),SP.POP.GROW,1.45460361883041,1.41682761544376,1.37405616603306,1.33270430507476,1.26129027125347,1.19285563384335,1.19162966402099,1.1623961434697,1.09729906702925,1.04001395098104,0.973438646910149,0.822648220128724,0.790200540609834,0.883289539766135
Indonesia,IDN,Population growth (annual %),SP.POP.GROW,1.26054140134601,1.27668830646548,1.28583816632167,1.24038001568984,1.17536091203837,1.12233981761262,1.0744882002252,1.02232939771064,0.969743409524713,0.935604959235128,0.849801187379341,0.704601321926319,0.746050469653246,0.842666137328498
"Iran, Islamic Rep.",IRN,Population growth (annual %),SP.POP.GROW,1.25167392158024,1.2358675452331,1.25130743376216,1.30690505728311,1.343129076071,1.36159478810594,1.43348558597155,1.43870442098455,1.27524656861717,1.07831720901251,0.768757498195729,0.831029236943935,1.20100285857304,1.20408185634218
Iraq,IRQ,Population growth (annual %),SP.POP.GROW,3.23138521802744,3.53181678520421,4.53892168180122,4.7215668344982,3.53101933211143,2.72710976935126,2.39151227352058,2.23055046409754,2.33235769663486,2.27501115691232,2.21938669515023,2.24127347113109,2.29369659225826,2.25148890849618
Ireland,IRL,Population growth (annual %),SP.POP.GROW,0.544884384079014,0.436072439258428,0.4237438032978,0.526556158855653,0.731001376585771,0.944845307474728,1.12883406399428,1.08867556062,1.23887545258946,1.36762695363797,1.02911050277336,0.953878183519474,2.59918087753675,2.70991347020317
Isle of Man,IMN,Population growth (annual %),SP.POP.GROW,1.1198352163156,0.605035871432298,-0.0557146004442705,-0.230299966457986,-0.296370572754953,-0.35704727903332,-0.152042122202678,0.171180649312203,0.234150178061123,0.181209143421298,0.12736504896945,0.0499494569462143,0.0309085940239317,0.0392163858214135
Israel,ISR,Population growth (annual %),SP.POP.GROW,1.82675240987847,1.84807786159597,1.84615132126711,1.86605289478673,1.91954379859591,1.98128897562083,1.9603489624817,1.93872567441099,1.92662286520241,1.90898263957994,1.76367939210866,1.68190551747412,1.96636884788361,2.06177924891639
Italy,ITA,Population growth (annual %),SP.POP.GROW,0.30759122234095,0.171978290995717,0.269541239520996,1.1592511168095,0.917504095962437,-0.0963761331392095,-0.169884073301448,-0.14986111697397,-0.190063640113791,-1.15302842389952,-0.487095091717782,-0.515599998844444,-0.20230086688254,-0.0342216578672275
Jamaica,JAM,Population growth (annual %),SP.POP.GROW,0.421944554103184,0.432960044008846,0.431454273219438,0.405211603822983,0.360811344710918,0.313958647771979,0.263022586225724,0.207939418780596,0.153765355594745,0.112486030848061,0.264166647844328,0.244971341124232,0.0515076570013975,0.0226098931571573
Japan,JPN,Population growth (annual %),SP.POP.GROW,0.0179605415195644,-0.185226486410846,-0.159710675844347,-0.144271883387076,-0.132694222147042,-0.106124993746747,-0.0511374152133631,-0.081874296046114,-0.126880068088791,-0.140464977878172,-0.294194617750067,-0.459952415807642,-0.443851919148528,-0.487370782049143
Jordan,JOR,Population growth (annual %),SP.POP.GROW,2.15109331746781,2.48202772730679,1.41635205030682,5.19641467868427,9.53920898641561,8.21798329205466,4.72325254401232,2.25160030043779,2.20412998393259,1.98343822476301,1.79543228239066,1.83419162693059,1.70151702842564,1.61225050235636
Kazakhstan,KAZ,Population growth (annual %),SP.POP.GROW,1.29700375015965,1.35207363651395,1.39710899026626,1.4364978420859,1.46885610538904,1.49239879824091,1.53335297365685,1.5579235201186,1.49423322942686,1.45157995956237,1.4089156380377,1.33325722721198,1.46316879039749,1.46415151694869
Kenya,KEN,Population growth (annual %),SP.POP.GROW,2.90158845467743,2.75013743696978,2.6080744180495,2.47210752389349,2.33901192230694,2.2270329432256,2.20775684612709,2.17412854990493,2.03083744189606,1.96381549826771,1.96197633664853,1.90040858948898,1.92297608206469,1.98296028478422
Kiribati,KIR,Population growth (annual %),SP.POP.GROW,2.07935139998903,1.77163616343889,1.46864224692138,1.37450090282755,1.29865154429976,1.28285862528713,1.41358025249878,1.50534982546091,1.49285448135933,1.4934933399344,1.74230469268591,1.79039347594032,1.61644031663411,1.56733842415292
"Korea, Dem. People's Rep.",PRK,Population growth (annual %),SP.POP.GROW,0.436879111426513,0.44171264179715,0.452614172409074,0.465850679497933,0.479753931920185,0.486366779009783,0.479685660941037,0.463479822191171,0.438418123483477,0.409804313568107,0.378273559953142,0.36747843663433,0.366471008261931,0.338821174570736
"Korea, Rep.",KOR,Population growth (annual %),SP.POP.GROW,0.49822508440111,0.768971758582589,0.525713660600414,0.455218622164662,0.628149861433639,0.527288497407793,0.396851823381145,0.280968018301691,0.433519027613049,0.347874968577526,0.137869266247028,-0.128757315474928,-0.187486566698935,0.077477253324535
Kosovo,XKX,Population growth (annual %),SP.POP.GROW,-0.331415173591033,0.179071579276493,0.843388368514639,0.606471214728733,-0.293645848305844,-1.36150828171389,-0.600477091754396,0.753859367983812,0.338173257577919,-0.457058941890623,0.0704657670879145,-0.227725816431951,-1.01200129004173,-0.665635964307823
Kuwait,KWT,Population growth (annual %),SP.POP.GROW,5.15506049102987,6.23757792955185,6.31732211154715,4.98967404324728,4.40657207759868,4.49910219971801,4.32594906785888,3.69493434034851,3.9801548230671,2.71071332448015,-0.951064116715736,-0.899478872255975,5.11318110910574,5.58813678140227
Kyrgyz Republic,KGZ,Population growth (annual %),SP.POP.GROW,1.4261662918386,1.44418816160002,1.88402178039579,2.18875701963339,2.20324802937797,2.24669276233179,2.21536474780135,2.10483099358697,2.15498002883632,2.24237190961106,2.04837802081725,1.83581760236308,1.79364743032685,1.76957754134087
Lao PDR,LAO,Population growth (annual %),SP.POP.GROW,1.47192872108695,1.44814949802327,1.42735442034268,1.40755477426746,1.37876842701215,1.45836474920589,1.56317561333482,1.57029722559747,1.55377801997365,1.52576304616693,1.49338675171473,1.44141640887407,1.40971670105791,1.39237667233214
Late-demographic dividend,LTE,Population growth (annual %),SP.POP.GROW,0.563789921917973,0.625546469489578,0.737549449777887,0.711151486312417,0.725458330750655,0.670461396138705,0.652977113624303,0.661964645890663,0.548708167859658,0.45630081665864,0.336805177051659,0.154559045824328,0.159709463212195,0.111267696638166
Latin America & Caribbean,LCN,Population growth (annual %),SP.POP.GROW,1.09418057966575,1.07571870342431,1.06412370349049,1.04118304134471,1.01448152316874,0.980299653039069,0.946580028558742,0.906952980192898,0.848970348338568,0.813715066986973,0.724696659356752,0.5789110440993,0.596132237124337,0.690065851624283
Latin America & Caribbean (excluding high income),LAC,Population growth (annual %),SP.POP.GROW,1.10041131180121,1.08566602830686,1.07504784217898,1.05118877095478,1.02670596559608,0.992766527398686,0.973945564646357,0.991092793237954,1.02291836901063,0.985255920367422,0.832526282318511,0.654814764892279,0.645098439925178,0.721899473947502
Latin America & the Caribbean (IDA & IBRD countries),TLA,Population growth (annual %),SP.POP.GROW,1.12602431063418,1.11044380565835,1.09871813113421,1.0753365829933,1.05168863967214,1.01642277453107,0.982497684875284,0.945720793376211,0.894270443550866,0.837190241745091,0.732846297272573,0.604965133450676,0.62713984659861,0.714934720513554
Latvia,LVA,Population growth (annual %),SP.POP.GROW,-2.08130508988111,-1.82076700208005,-1.24035915329271,-1.07103480329077,-0.941743354234222,-0.818626340945853,-0.913885332226604,-0.886215573292392,-0.779138396192231,-0.695239140136066,-0.701211570733301,-0.843294678005026,-0.271369577775699,-0.103172153311714
Least developed countries: UN classification,LDC,Population growth (annual %),SP.POP.GROW,2.35267599700724,2.37762375014661,2.39810789604434,2.40716452037344,2.39739007028668,2.36355343048444,2.37989470294994,2.39275132401863,2.39018851606679,2.41050734491071,2.42176660892821,2.35679996687301,2.29092161834967,2.31265670104519
Lebanon,LBN,Population growth (annual %),SP.POP.GROW,0.976748358836896,1.07982379188685,2.70487296695382,9.25490649315042,9.99230472656041,1.95769583624838,-2.33543749400836,-2.61057116476665,-2.89884297122412,-3.21837128976045,-1.60386258157574,0.275364167930295,0.460053063032864,0.503630953855672
Lesotho,LSO,Population growth (annual %),SP.POP.GROW,0.772821659424366,0.885634151913232,1.00510607755205,1.08291299578498,1.14032275206417,1.17199706979444,1.21894302061673,1.24492806980041,1.22069019410404,1.17469837087993,1.18432063043163,1.14804266920884,1.08048016923391,1.10328678263994
Liberia,LBR,Population growth (annual %),SP.POP.GROW,2.89605811562763,3.92046987945605,3.53448694358844,2.19827693086756,2.08217532534285,2.06297096669961,2.04312155500225,1.94324776688719,1.95645231379837,1.98225492944197,2.07483340649162,2.11098738475006,2.14388170425267,2.20390696065654
Libya,LBY,Population growth (annual %),SP.POP.GROW,2.0390577056462,-2.4085814162192,-2.61743182302169,2.00744391901146,1.92631083217923,1.61383897825773,1.52399514586306,1.59519992425695,1.62332708641058,1.47795950725002,1.3484498033463,1.26619979488109,1.23450447871795,1.12674309223491
Liechtenstein,LIE,Population growth (annual %),SP.POP.GROW,0.780339504026041,0.801840223929879,0.945614084833038,0.888098068342956,0.711286542304829,0.658266806602704,0.590348742843119,0.650125178937136,0.745332024798021,0.825428790511035,0.872668968896405,0.719750043098349,0.790598334689517,0.899896422348841
Lithuania,LTU,Population growth (annual %),SP.POP.GROW,-2.09694341985475,-2.25846389882827,-1.34120198821595,-1.01200736818103,-0.859827343070249,-0.940753796646208,-1.27069453298857,-1.39832220092102,-0.954190459209969,-0.264704354944785,0.0267667582795671,0.212805429536827,1.09366808005007,1.40084461829591
Low & middle income,LMY,Population growth (annual %),SP.POP.GROW,1.40856163480095,1.40987570781139,1.42568491188099,1.39377496464603,1.36785183163401,1.32061643632164,1.30289058787538,1.30339473773218,1.26870953431319,1.22538203122429,1.15621801989229,1.05105490826651,0.966721733808143,0.980062836354747
Low income,LIC,Population growth (annual %),SP.POP.GROW,2.86185060284481,2.83713054397359,2.73797553085539,2.56164065506066,2.49495643624709,2.52586030089141,2.64990304342294,2.7455859474212,2.8226719098497,2.88579404918539,2.8518017614785,2.74507645780079,2.67117886286768,2.73420945242688
Lower middle income,LMC,Population growth (annual %),SP.POP.GROW,1.7339143974328,1.70732611203599,1.66797677198404,1.61855813082292,1.61253042012213,1.53922126385417,1.50236593064004,1.47124680928927,1.42551001291842,1.38514977274764,1.35668708497975,1.27313350537143,1.23298271920245,1.26841432195783
Luxembourg,LUX,Population growth (annual %),SP.POP.GROW,1.8254058035237,2.22266050326725,2.40154189982875,2.31117625275217,2.35697870484045,2.35995118136865,2.15531198799205,2.43097641776115,1.92883751398765,1.9628449198635,1.66635867423273,1.51834936706612,2.01666790212729,2.02002574712319
"Macao SAR, China",MAC,Population growth (annual %),SP.POP.GROW,0.373134761285818,2.31926463992749,3.27546059752472,4.13923548132925,4.91199595786127,3.3531529872349,1.48219480492074,-0.630334933532746,1.60639880582531,1.96865626033754,1.9744268917359,-0.424008238139362,-0.764822083825685,0.221222713921319
Madagascar,MDG,Population growth (annual %),SP.POP.GROW,2.90919662127516,2.83965714379658,2.76626312576328,2.71964840033078,2.68077948175383,2.63948434650119,2.61335935661539,2.60345495087599,2.60334538024635,2.60136633480103,2.56778870397591,2.51537360931706,2.48207836172625,2.46201530433165
Malawi,MWI,Population growth (annual %),SP.POP.GROW,2.94779608735928,2.91504427220952,2.87064589887138,2.83808966369485,2.80479012384928,2.75359183453625,2.72595787740448,2.70808949087835,2.67117568591664,2.65059567621331,2.63573735113183,2.59415828794597,2.567947782963,2.57135708610945
Malaysia,MYS,Population growth (annual %),SP.POP.GROW,1.87040612656176,1.75128008243176,1.70269513202166,1.70946282045073,1.7147407282165,1.73319445645586,1.76731054757933,1.76466064017847,1.70174731907235,1.59646653343981,1.33363323143911,1.15251304394292,1.1977720012836,1.23402869169549
Maldives,MDV,Population growth (annual %),SP.POP.GROW,3.53092174013543,3.50821445523557,3.45705386277423,3.36852336235274,3.33008930667728,3.45425190846638,3.47818441091268,3.3230837355609,3.18090435033978,3.04593554452725,2.90711274683574,2.75700187362712,1.528878337276,0.359585188904548
Mali,MLI,Population growth (annual %),SP.POP.GROW,3.2485140091385,3.23250831038309,2.91998728475051,2.92078257453733,3.16065691731413,3.1289280097663,3.16701291267986,3.18823649379751,3.1254232369578,3.01814494306617,3.01751361469378,3.06035796580474,3.00942592606239,2.97400537620334
Malta,MLT,Population growth (annual %),SP.POP.GROW,0.49118281065151,0.423700885195294,0.899209211902256,1.4040502758129,1.9967544083193,2.38639536345808,2.28861544064371,2.73866285589301,3.49195540302534,3.93135631850717,2.21120767752363,0.619810315667809,2.47144374003649,3.91764986035828
Marshall Islands,MHL,Population growth (annual %),SP.POP.GROW,0.0480478181120274,-0.263585880501686,-0.944590187330327,-1.44566670550716,-1.76164273882982,-2.0204346660438,-2.26102535172131,-2.50442852271303,-2.70999222878463,-2.86271396531764,-3.00092865880133,-3.18559640580083,-3.16808578519291,-3.16867227675357
Mauritania,MRT,Population growth (annual %),SP.POP.GROW,3.19159403639576,3.24512473547367,3.26413503920642,3.135806545909,3.01218949095495,3.00605924056849,2.99795842489143,2.98778789331469,2.97356403059489,2.95347297852629,2.92092559048913,2.88703345850902,2.92956466448208,2.96653079197429
Mauritius,MUS,Population growth (annual %),SP.POP.GROW,0.237886692890185,0.160140420765724,0.277321025514609,0.242165626741126,0.181022097854624,0.132404330287967,0.0687082325715694,0.0901672663767558,0.0545354541381391,0.0322330642925213,0.00229068020969373,0.0252729878913446,-0.301401216835277,-0.117452949112512
Mexico,MEX,Population growth (annual %),SP.POP.GROW,1.43974472572946,1.41534883852036,1.35716327923769,1.29730808025224,1.21002702971431,1.06956376155677,0.969124204799117,0.935239396499786,0.9466023549862,0.950144329831411,0.820454117563552,0.66740537533078,0.753116988604166,0.872178517508623
"Micronesia, Fed. Sts.",FSM,Population growth (annual %),SP.POP.GROW,-0.387012831252087,0.146814250624888,0.178117567546797,0.213878078483849,0.254021760761961,0.294778945170204,0.329674160226437,0.371529920950747,0.390173246703998,0.338797095962346,0.573243642479669,0.636292251926478,0.438013018270765,0.459189928699194
Middle East & North Africa,MEA,Population growth (annual %),SP.POP.GROW,1.79859498165891,2.17831577717187,2.23819682455147,2.34243707225296,2.09337660343023,2.17927948865344,2.047733580097,1.71187496212141,1.4709755260814,1.5784450413703,1.74594925220404,1.19548305572019,2.04253600790317,2.05615651551005
Middle East & North Africa (excluding high income),MNA,Population growth (annual %),SP.POP.GROW,1.94562100700028,1.9090829732221,1.90366564659557,1.95816022140529,1.90368452836482,1.78093357829346,1.76154759206632,1.74074303325726,1.75231433658836,1.74380020099092,1.60922249501527,1.55791872960333,1.70562119485416,1.82519874851199
Middle East & North Africa (IDA & IBRD countries),TMN,Population growth (annual %),SP.POP.GROW,1.93817310434721,1.90199109650375,1.89711760548012,1.95293558004819,1.8984761517969,1.77494200399818,1.75581638345686,1.73771761382224,1.74310629746761,1.73466910003097,1.59876783682293,1.54712503794168,1.69683679752293,1.81815097784583
Middle income,MIC,Population growth (annual %),SP.POP.GROW,1.26347554959412,1.26513962540255,1.29054136947822,1.27178607298812,1.24862112998308,1.19155033761878,1.15674085110894,1.1446084537791,1.09490901245539,1.03650200075114,0.959806692231965,0.851147167027989,0.761805228508877,0.765176224958154
Moldova,MDA,Population growth (annual %),SP.POP.GROW,-0.0998329740168972,-0.0578362648793712,-0.0131095435392298,-0.0267837694756349,-0.0609720602101012,-0.767049559673864,-1.16302237797705,-1.72705846625605,-1.75700442074845,-1.60031653578231,-1.09803165876287,-1.50342952349937,-2.62110760462091,-2.84274212689094
Monaco,MCO,Population growth (annual %),SP.POP.GROW,2.4388102675618,2.33362301181285,2.22856128605207,2.09819835631417,1.90295648042493,1.7260495743784,1.40210042123736,1.07266818197735,1.2554231770143,-0.118012680389237,-0.15493904017385,1.24582098923186,1.04315542231896,0.064195567574974
Mongolia,MNG,Population growth (annual %),SP.POP.GROW,1.74992683110286,1.7265777901103,1.89795214519602,2.06694708057063,2.18707605433318,2.12866951701474,2.02736957640078,1.92577883760149,1.86480192831175,1.8371507310985,1.80542008661223,1.684959051396,1.46704738017187,1.3708886685104
Montenegro,MNE,Population growth (annual %),SP.POP.GROW,0.183239906425096,0.10504177223011,0.0841474080023094,0.097599636675676,0.0970220113323688,0.0561107244885728,0.0231425307711559,0.011247907097728,-0.0234613531527775,-0.0319870125812963,-0.116139360968958,-0.337762721786185,-0.323190384386897,-0.167992320943883
Morocco,MAR,Population growth (annual %),SP.POP.GROW,1.35274286216317,1.36305168989377,1.3359712863904,1.28781015302784,1.22723874148544,1.17075639938741,1.19450726277516,1.20034336418867,1.1036421008163,1.03022315933698,1.02565486360782,1.00691847923959,1.00863622672701,1.02195181223548
Mozambique,MOZ,Population growth (annual %),SP.POP.GROW,2.67685903538336,2.78615253564474,2.87101074780924,2.89055494992619,2.89895498583923,2.90106067133475,2.93066434696089,2.98845927899068,2.98089902972538,2.9397415898529,2.96490034295304,2.9577768101764,2.9473431712575,2.95358093047219
Myanmar,MMR,Population growth (annual %),SP.POP.GROW,0.745099607969388,0.803379211413432,0.841507088171189,0.849578652965248,0.830118073348831,0.800670952631538,0.792792538685626,0.772302033467657,0.72443284342539,0.702425162747352,0.711376906349628,0.696558038955431,0.690074759264932,0.698879396261223
Namibia,NAM,Population growth (annual %),SP.POP.GROW,1.54841464345813,1.71587072736176,2.22673258326321,2.60198589808047,2.61288080068243,2.65295870908636,2.69727890929136,2.73527353433315,2.77246337174234,2.79932223646079,2.91019887709682,2.95314556354467,2.77600581415178,2.50947899094054
Nauru,NRU,Population growth (annual %),SP.POP.GROW,0.269206005345923,0.546151002552194,1.65974838801037,2.40581272210636,2.11682959453762,1.95433948782621,1.77348115445981,1.54848693435255,1.34206654488781,0.953874731639391,0.482136103995375,0.565263581170869,0.782649677702407,0.625107627709329
Nepal,NPL,Population growth (annual %),SP.POP.GROW,0.619710468212554,0.447181720951167,0.256079255262795,0.199840751964584,0.298119921280857,0.545118124856758,0.472697719209503,0.199389989212823,0.244000280298262,1.18377302604311,1.92583106605859,1.74002411752275,0.81238557412485,-0.0700958873206174
Netherlands,NLD,Population growth (annual %),SP.POP.GROW,0.512923100553586,0.466428782200821,0.370055034770235,0.294820793441482,0.359828172726548,0.443220089035769,0.532178879608489,0.591203366164118,0.583933408920832,0.65507157480522,0.55554079025497,0.523490508168757,0.953278922854537,0.990139686700227
New Caledonia,NCL,Population growth (annual %),SP.POP.GROW,1.66994351621015,1.8787771558269,1.89163090783472,1.89228098410746,1.57768044469833,0.688885628400534,0.0900120253294113,0.0433886162840042,-0.00176339785610822,0.0229217470195887,0.200781353226217,0.364601116942216,0.66709196832953,0.952185123510063
New Zealand,NZL,Population growth (annual %),SP.POP.GROW,1.1117260560215,0.762479795105218,0.548220797298334,0.768347998194806,1.66101200071152,2.0360339086492,2.24603210015584,2.08872272281936,1.79124016759035,1.59115889619722,2.20478869594563,0.413665247040229,0.115363946900346,2.04836808947608
Nicaragua,NIC,Population growth (annual %),SP.POP.GROW,1.41916789623706,1.41223292768918,1.40332726881517,1.3892875213501,1.37171758610881,1.35767667855894,1.34468900607336,1.33184988677682,1.31878207820366,1.29742127419157,1.25084741191992,1.20325375827905,1.28466010240759,1.37167812196347
Niger,NER,Population growth (annual %),SP.POP.GROW,3.72535077368531,3.72138303234104,3.77324639644684,3.75837207594511,3.6892808045974,3.69640590007582,3.67426137513091,3.56007044831691,3.45088050525461,3.36654855482346,3.29977391625444,3.25425239869281,3.25170642220024,3.29489175812772
Nigeria,NGA,Population growth (annual %),SP.POP.GROW,2.795149361277,2.80278519998649,2.77422930277333,2.71468991073627,2.64221399374699,2.53617348598208,2.47183239057048,2.43170936923065,2.31217263003389,2.1944019229433,2.13029714344341,2.09618685225463,2.09281687128387,2.09838916935738
North America,NAC,Population growth (annual %),SP.POP.GROW,0.86105931489972,0.754132020519592,0.771205957828954,0.731328153058072,0.762920435478563,0.741212533858999,0.768302259998535,0.691663637614212,0.620314642231136,0.559903004233945,0.985594059744741,0.198456818698858,0.518889940847828,0.752706030261237
North Macedonia,MKD,Population growth (annual %),SP.POP.GROW,-0.63937448291812,-0.458327097678151,-0.391858319665176,-0.368848270904885,-0.268678976911211,-0.267729528193655,-0.320367473371963,-0.40242158713311,-0.507220756968942,-0.679308688552216,-1.07910572041332,-1.02945804668594,-0.294481335654044,-0.212923714310977
Northern Mariana Islands,MNP,Population growth (annual %),SP.POP.GROW,-2.25570725189976,-0.896950274724624,-0.700102071490281,-0.898187033104677,-1.10544695125402,-1.28073347255599,-1.44888981594755,-1.61620481831009,-1.78121757640998,-1.95055872430955,-1.25658949836081,-1.16183177026859,-1.93650806828242,-2.05003835843766
Norway,NOR,Population growth (annual %),SP.POP.GROW,1.24566617956207,1.297189390693,1.31344098868985,1.20914158930136,1.12773667734928,0.995084736958414,0.880969815359919,0.807673181884948,0.660090844249,0.675061373245644,0.588757324043059,0.534772281874925,0.898395220610608,1.13818460655469
Not classified,INX,Population growth (annual %),SP.POP.GROW,..,..,..,..,..,..,..,..,..,..,..,..,..,..
OECD members,OED,Population growth (annual %),SP.POP.GROW,0.669688203352507,0.513320140165348,0.605751730311653,0.619728267258694,0.637558565979091,0.612352509393773,0.619834870453033,0.588003929830293,0.589542692437178,0.534047627552582,0.551642669603297,0.128128337292836,0.491171309619062,0.523494915701136
Oman,OMN,Population growth (annual %),SP.POP.GROW,2.6751170964985,10.9573181300856,14.2253989455262,7.77538929058871,4.30179726376903,4.45776887230624,4.80473653238819,3.28242998732701,1.32413960038748,-0.144431732263903,-1.50860829621662,-0.489266037731458,4.98013669293962,6.52704988451128
Other small states,OSS,Population growth (annual %),SP.POP.GROW,1.42198599570578,0.647912986693399,1.07287129312306,1.31691081945375,1.45718911436931,1.44252127388771,1.39319494424477,1.61466748082356,1.09066978989183,0.925670453573673,0.893875542398973,1.12865116523619,1.26004234232271,1.36592243565387
Pacific island small states,PSS,Population growth (annual %),SP.POP.GROW,1.19087398826763,1.37590695199918,1.33676648574539,1.3183674302401,1.31799871670644,1.31095977448061,1.30029202911379,1.2997448536884,1.27529931286826,1.04826536806124,1.04591661943054,1.15471955159694,1.16381951884846,1.24903569173611
Pakistan,PAK,Population growth (annual %),SP.POP.GROW,2.47081701538021,2.23690940334662,1.90619981284679,1.62722414834854,1.50032405388564,1.40250113589189,1.30216393815952,1.41409990353131,1.62371483290292,1.69187124669657,1.80375141301202,1.8867779716011,1.74799739792983,1.54880458608849
Palau,PLW,Population growth (annual %),SP.POP.GROW,-1.68714418256042,-1.74375203014582,-1.74654999032287,-0.66077669618437,0.378927580628865,0.309990384912456,0.151826160128869,0.0842483691607325,0.0112277550221814,-0.0898573575007226,-0.0337173366498603,-0.0505973306648282,-0.135051508906549,-0.180352864081089
Panama,PAN,Population growth (annual %),SP.POP.GROW,1.78385792968885,1.774688616656,1.76451937667994,1.74234111694192,1.73046380036004,1.73037489560864,1.72866876171939,1.71320068899723,1.67311565171591,1.59097727067192,1.37340966978709,1.20723809203153,1.26612423517538,1.30902688797168
Papua New Guinea,PNG,Population growth (annual %),SP.POP.GROW,3.01998467654888,2.9153928127454,2.7860490568137,2.70166347823205,2.62396103229344,2.54613840522555,2.46804330802257,2.3925157995011,2.32386877655607,2.25754045467385,2.12866309675902,1.98860312209741,1.88244961375761,1.81103162496893
Paraguay,PRY,Population growth (annual %),SP.POP.GROW,1.16985801191993,1.32708039585856,1.40686361602641,1.43842436376869,1.44981205714477,1.46036822105512,1.45104639106418,1.42257756735462,1.38999117307295,1.35488116957369,1.35198907049682,1.21078357917422,1.13476871860664,1.23021616038983
Peru,PER,Population growth (annual %),SP.POP.GROW,0.652636898148331,0.746934823460309,0.83691693370644,0.901339196033327,0.994129278893009,1.12847381931302,1.33357065112944,1.47336535107465,1.81253577188754,1.71486934751345,1.19250495254373,0.961612354333265,0.959183909355287,1.09975320783678
Philippines,PHL,Population growth (annual %),SP.POP.GROW,2.04795425200975,1.96473852483036,1.94226237851608,1.87971579705684,1.64283283802775,1.47875384302116,1.34190709540685,1.28830186666283,1.23686033319068,1.21615534645287,1.1455140860985,0.905660310915421,0.760479216015364,0.810000998681961
Poland,POL,Population growth (annual %),SP.POP.GROW,-0.285609121534849,0.0537697088781007,-0.000239076003298365,-0.0603600174744649,-0.0748462292920506,-0.0666411009657168,-0.04298513087435,0.0124800985844923,-0.000200132782838419,-0.0244271070993493,-0.175062058196296,-2.45071905351772,-0.433070695882457,-0.365658526875775
Portugal,PRT,Population growth (annual %),SP.POP.GROW,0.0459100367184907,-0.147084878575482,-0.405421787747567,-0.548815210952228,-0.539190466792077,-0.414141101993213,-0.315459016997883,-0.243889410358812,-0.160104021146769,0.0237334946497115,0.10511412524675,0.626850165433157,0.697256448023043,1.36912985956796
Post-demographic dividend,PST,Population growth (annual %),SP.POP.GROW,0.463033638170856,0.274178253949316,0.417543898095275,0.437662483252808,0.459342864645905,0.438714821824519,0.447196760063861,0.375226810518853,0.349474935020339,0.282704325830039,0.369388845949857,-0.0671124751378045,0.0489340699670606,0.149822497243861
Pre-demographic dividend,PRE,Population growth (annual %),SP.POP.GROW,2.97862369156678,2.99459406423648,3.02559951343784,3.02451272957747,2.95355580505962,2.85520698774565,2.83165833474808,2.82927847521073,2.79701840525644,2.74594254775955,2.7071572806596,2.6372333447645,2.56021990970494,2.57062910288649
Puerto Rico,PRI,Population growth (annual %),SP.POP.GROW,-0.506170056982176,-1.15654029293994,-1.20998793422288,-1.14593097838135,-1.6331283312239,-1.75920825815177,-1.93497109034618,-2.4180176217623,-4.0483910336329,0.0106465459574109,2.71397643163413,-0.576507689869367,-1.3136475878955,-0.448878435008411
Qatar,QAT,Population growth (annual %),SP.POP.GROW,0.491609879237911,0.489204894825294,5.83800010216327,10.6721263976401,11.5817147814941,8.58173306173289,5.49972976958708,2.73590293320866,1.3621056096195,2.21962210028933,5.72571544841687,-10.9274424335586,5.90701824957099,-0.0489708509014485
Romania,ROU,Population growth (annual %),SP.POP.GROW,-0.593959183588628,-0.491866212866043,-0.445177936198383,-0.371323062878035,-0.374575497762261,-0.470052227864654,-0.573660845379617,-0.578007015146885,-0.587493307403584,-0.526814821936341,-0.550759892541776,-0.746036478523061,-0.385412679960785,0.057609980983218
Russian Federation,RUS,Population growth (annual %),SP.POP.GROW,0.0448964884428055,0.118045544446964,0.251575708072649,0.297503474179596,0.299667432459938,0.279352077762368,0.258751057379474,0.191382528772924,0.0721356165400605,0.037947213753429,-0.143202031827637,-0.343724409889771,-0.352843110363082,-0.285217600763343
Rwanda,RWA,Population growth (annual %),SP.POP.GROW,2.52365134392041,2.45262873450153,2.39380128171382,2.40340085493768,2.41721473954366,2.39322566941773,2.36997866838859,2.34556709244995,2.31630729613291,2.28086099658628,2.24244883430144,2.1909353521865,2.19046619232976,2.1984982050137
Samoa,WSM,Population growth (annual %),SP.POP.GROW,0.785366135493998,0.871732674893699,0.912557360248924,0.89673977043707,0.888269859280603,0.868555727857733,0.847318414943751,0.937123219994916,1.04941192646969,1.05329202031498,1.0262726301153,0.862068229419543,0.690847424147793,0.649190563116911
San Marino,SMR,Population growth (annual %),SP.POP.GROW,0.615052590123215,-1.97304928375177,2.56940400817854,-1.28704227360667,-1.17512311839658,0.738348484872901,0.618202520367254,2.16366806498297,2.03966279076457,0.407603368403658,0.308211037123611,-1.50099888558244,-1.46164026701119,0.310582221115543
Sao Tome and Principe,STP,Population growth (annual %),SP.POP.GROW,2.1960816383463,2.09396113456698,2.02092788368455,1.93896614465408,1.85635532189371,1.77510214302047,1.6823011731644,1.59795344333085,1.54237554431048,1.51332392108067,1.87691054092554,2.06017354745306,1.93819561963228,1.99754660166419
Saudi Arabia,SAU,Population growth (annual %),SP.POP.GROW,-0.992481797243179,4.53867163626294,4.20264227505544,5.41149124124804,2.45043139330282,5.18685551856216,3.74506540506437,0.0747825622238132,-2.5537682578428,-0.439701419074031,4.833138517103,-2.46456261487283,4.41891994509507,3.32877939509885
Senegal,SEN,Population growth (annual %),SP.POP.GROW,2.38690195279185,2.52791519909846,2.67702425205872,2.96345954605318,3.16757470346908,3.07014792428801,2.97843134010735,2.88769908740551,2.8004569855314,2.71760793051867,2.63303572524896,2.53848919398481,2.46764281803509,2.38738348832592
Serbia,SRB,Population growth (annual %),SP.POP.GROW,-0.402005900874718,-0.756021911874037,-0.485136859373739,-0.48641352023891,-0.486295171509944,-0.511754332722809,-0.523694463062603,-0.532191341024444,-0.546351968633598,-0.536610017822353,-0.666107601320794,-0.943688169512831,-2.5170575672922,-0.621120944154492
Seychelles,SYC,Population growth (annual %),SP.POP.GROW,2.79232906929128,-2.62865635521684,0.980980190128322,1.84687609296508,1.55539570911507,2.22979505321923,1.33763477950025,1.22403375818123,0.954291917891324,0.887925293341637,0.853707878128979,0.805183391179401,..,-0.0876274304874622
Sierra Leone,SLE,Population growth (annual %),SP.POP.GROW,2.72150859888002,2.60978263924562,2.53259491687101,2.45725730456865,2.38905832119365,2.31819402812025,2.35457342669593,2.38578952940087,2.34731039123252,2.32146457882717,2.30847202655897,2.27463021517533,2.22598462352813,2.19524258771884
Singapore,SGP,Population growth (annual %),SP.POP.GROW,1.77183287926401,2.08490245606007,2.45339033031018,1.61930809858875,1.29844017799226,1.18637693749822,1.29743609938602,0.0885954699924263,0.469704298714121,1.14428330688929,-0.311904961250833,-4.17033630017526,3.30862052439523,4.85831607781442
Sint Maarten (Dutch part),SXM,Population growth (annual %),SP.POP.GROW,0.900652591853574,1.38995199936431,2.18221965906343,2.34501483099113,2.25583842596276,2.15537793742833,2.05501156733828,1.93416606270848,1.81943322551715,1.6805019872063,1.53087407274557,1.36356391629724,1.35708688873829,1.43721256242405
Slovak Republic,SVK,Population growth (annual %),SP.POP.GROW,0.0931912731899838,0.128936462723796,0.170183855326072,0.107458009492367,0.0970454215834878,0.0950338786482762,0.128922329956911,0.155178995687406,0.138508159611326,0.135328072840865,0.0857694756149868,-0.212358807611049,-0.284860959688394,-0.0923148510113108
Slovenia,SVN,Population growth (annual %),SP.POP.GROW,0.43607948463593,0.207732702329724,0.210024305900448,0.135726228915631,0.0983519219451147,0.075190689011533,0.0731972072415279,0.0651590392490152,0.362584395134764,0.696304046333357,0.669754656164979,0.268851969969908,0.189424378732817,0.396216782960902
Small states,SST,Population growth (annual %),SP.POP.GROW,1.26712847010617,0.737308625074334,1.04711593075315,1.23717063784832,1.33650484058676,1.32049348630368,1.28152880398176,1.43337760718111,1.14732397435444,0.954703134632467,0.841372045278405,1.05101145022373,1.1496266034311,1.24100787032538
Solomon Islands,SLB,Population growth (annual %),SP.POP.GROW,2.82139788482931,3.67971542315203,3.668421041016,3.65262148165308,3.62509398993661,3.58337916462009,3.52842038261052,3.45614796025836,3.35985912747517,2.65049803426017,2.22072148638778,2.40116798691356,2.39378076885188,2.39583243369756
Somalia,SOM,Population growth (annual %),SP.POP.GROW,2.48169887268086,0.707617147612372,0.905528519522503,3.22508679396084,3.58614089585868,3.44441462928404,3.8489103342184,3.88144974373944,3.52933303532182,3.67525774477084,3.79592066888979,3.65720037777736,3.0251275475745,3.07939219638342
South Africa,ZAF,Population growth (annual %),SP.POP.GROW,1.1829095702162,1.23631458705301,1.47479434391075,1.65265199501405,1.66144540694123,2.00988840160514,0.940521897823675,0.653837462693277,1.68236992028419,1.64957495527878,1.62216431400652,1.54055743832642,1.41397227960081,1.32810094082844
South Asia,SAS,Population growth (annual %),SP.POP.GROW,1.53455039099426,1.49335707954599,1.4323603729237,1.31134279395073,1.29203605593563,1.22227363214029,1.19981589525335,1.18914710384107,1.16639996868884,1.1459920688259,1.12451167419196,1.00886400017166,0.941641751528309,0.996267135131575
South Asia (IDA & IBRD),TSA,Population growth (annual %),SP.POP.GROW,1.53455039099426,1.49335707954599,1.4323603729237,1.31134279395073,1.29203605593563,1.22227363214029,1.19981589525335,1.18914710384107,1.16639996868884,1.1459920688259,1.12451167419196,1.00886400017166,0.941641751528309,0.996267135131575
South Sudan,SSD,Population growth (annual %),SP.POP.GROW,5.29254618151503,5.41366403885379,4.44972889782953,3.74120236356755,0.614232824755906,-1.14143555707987,-2.52965683465808,-5.41590990485178,-1.33625896422837,2.92439531185626,2.60487164966918,1.55179411079181,1.42002025455897,4.10816463205266
Spain,ESP,Population growth (annual %),SP.POP.GROW,0.460408305051304,0.355338396471428,0.0649259625617232,-0.327669039579687,-0.298951059088036,-0.077588861590047,0.0844301500680736,0.234587922968563,0.437982993728698,0.717715637103499,0.488502131838585,0.105799194264084,0.72148100717686,1.22528044685694
Sri Lanka,LKA,Population growth (annual %),SP.POP.GROW,0.589181271319281,0.620507027958285,0.760628047767682,-2.79968273298027,0.933207942647201,0.91981102654886,1.13327749793807,1.1019266072082,1.04839295829763,0.611875945764341,0.530626559530355,1.07544995696428,0.112772639779474,-0.651320770103285
St. Kitts and Nevis,KNA,Population growth (annual %),SP.POP.GROW,-0.149314248854052,0.0853497256607942,0.313035956599999,0.0765127239724214,0.0424817865731795,-0.00424736663332803,-0.0254879889232652,-0.0531208511827516,-0.0893066039921832,-0.119199673543347,-0.174799132141861,-0.228551998925832,-0.11554263524381,0.104849849656036
St. Lucia,LCA,Population growth (annual %),SP.POP.GROW,0.608614599646534,0.52231324992803,0.456462690189925,0.452081381366467,0.442581735190879,0.439488105791393,0.422763651310013,0.395468542730377,0.382048183874964,0.3631466895222,0.330981923965865,0.152478363043745,0.144975018605125,0.281512532799571
St. Martin (French part),MAF,Population growth (annual %),SP.POP.GROW,0.965137402578689,0.57626131737988,0.556864711599445,0.38289088882727,0.082811315154676,-0.216522625657602,-0.520499136043373,-0.913371749973348,-2.26505586002549,-4.96694243141292,-7.51568506574733,-5.91294053455205,-3.70935422542636,-4.80716831631216
St. Vincent and the Grenadines,VCT,Population growth (annual %),SP.POP.GROW,-0.498034748761649,-0.556296690606872,-0.562167608407819,-0.554247952481518,-0.55640705517064,-0.536144317925753,-0.572879410655285,-0.647135439549124,-0.699944450029761,-0.725995928811949,-0.617259161571258,-0.663868269423874,-0.776041417794061,-0.711025816110263
Sub-Saharan Africa,SSF,Population growth (annual %),SP.POP.GROW,2.79421389869734,2.77885274984601,2.76687393029238,2.77919800464419,2.75197955453127,2.73458341440238,2.6893928349343,2.67067422040428,2.68796683712196,2.64132407565066,2.60681347036534,2.56596043913196,2.51846102364661,2.49703595257955
Sub-Saharan Africa (excluding high income),SSA,Population growth (annual %),SP.POP.GROW,2.79421014037788,2.77939195180659,2.76704331394689,2.7792835301604,2.75208925805967,2.73462733677734,2.6895151969766,2.67080364722041,2.68812016408586,2.64147659368284,2.60696338913952,2.56610848180598,2.51694963533153,2.49728804152738
Sub-Saharan Africa (IDA & IBRD countries),TSS,Population growth (annual %),SP.POP.GROW,2.79421389869734,2.77885274984601,2.76687393029238,2.77919800464419,2.75197955453127,2.73458341440238,2.6893928349343,2.67067422040428,2.68796683712196,2.64132407565066,2.60681347036534,2.56596043913196,2.51846102364661,2.49703595257955
Sudan,SDN,Population growth (annual %),SP.POP.GROW,2.41578933319134,2.0304098222439,2.14168968629865,2.30951835174238,2.70863780408064,3.04689971719172,3.04008474256183,3.46430091592296,3.48828675547566,2.93537902352139,2.6882512565735,2.6941220236505,2.70189520043666,1.32652175747925
Suriname,SUR,Population growth (annual %),SP.POP.GROW,1.16234546951658,1.14737217748715,1.1375560373964,1.12880323190541,1.11029432439557,1.08108226631897,1.04842483742266,1.00824404428043,0.972162135207174,1.03794155144619,1.07530477821816,0.907003624018977,0.848956801428746,0.914027369002208
Sweden,SWE,Population growth (annual %),SP.POP.GROW,0.852524628765313,0.755150133665177,0.739763272434863,0.847348652246305,0.992219728591882,1.05745468551674,1.25645398510305,1.34744505956262,1.16164515996039,1.01372226345511,0.722703912882934,0.600591532839468,0.68058286829853,0.472717863265105
Switzerland,CHE,Population growth (annual %),SP.POP.GROW,1.0415580576588,1.11187894263206,1.06181932886789,1.14987975781229,1.22010397343287,1.13833715247736,1.09203117387253,0.933155888738653,0.736633975172522,0.713313668444329,0.730676195047382,0.765501039496593,0.829927183900371,1.25678260643691
Syrian Arab Republic,SYR,Population growth (annual %),SP.POP.GROW,2.27386735787712,1.74463187292712,-0.518583748688814,-4.92076611917059,-6.64640777600442,-4.27812265662123,-1.19521490586433,0.160516443980316,1.82043236963093,3.88559879868016,3.36188761247899,2.71541292038855,3.78051313340953,4.91861526815481
Tajikistan,TJK,Population growth (annual %),SP.POP.GROW,2.13859732955825,2.23107820470165,2.39042338057157,2.49710956677516,2.50974038960922,2.55779351442662,2.53351872618566,2.45467083241302,2.40737599740749,2.36385658944468,2.27553632959872,2.20738922074721,2.13728529423458,2.01812009749216
Tanzania,TZA,Population growth (annual %),SP.POP.GROW,2.54448522649017,2.79985031213535,2.8799437394168,3.01455736724095,3.08040316049107,3.26181042317192,3.40729531415315,3.3414302210835,3.15572113764533,2.98060939385811,2.99305168844906,3.00113934816488,2.95046658393064,2.90250073555304
Thailand,THA,Population growth (annual %),SP.POP.GROW,0.670617338343587,0.621807948253872,0.619591346751357,0.587325698680648,0.530129864137193,0.460976294059414,0.451266062797186,0.422963510133952,0.302929452489855,0.204609851692418,0.166540794566251,0.119758274714782,0.0111485454856964,-0.0458651887192549
Timor-Leste,TLS,Population growth (annual %),SP.POP.GROW,2.41648998363508,2.32623937394203,2.19848397897983,2.07630476166789,1.98314794878844,1.94624234080117,1.90525943887907,1.88641549739516,1.91930286555216,1.93928707188808,1.91159373351817,1.80006893139932,1.40884587356384,1.08884743970717
Togo,TGO,Population growth (annual %),SP.POP.GROW,2.72101716624637,2.69461885935872,2.62923384476283,2.56796697750519,2.53448135308774,2.52060746648904,2.51398996486491,2.49897565726694,2.47179798610782,2.44351209316794,2.41247393684318,2.37825002957617,2.35270895960531,2.33345506489111
Tonga,TON,Population growth (annual %),SP.POP.GROW,0.183594875501069,0.158161636914974,-0.102311314323862,-0.356114444715887,-0.438960491824116,-0.483301677921251,-0.539650395978897,-0.159332355407353,0.20007307916608,0.09657445504329,0.0331168127621577,-0.202657341819835,-0.425589151486705,-0.424539964766316
Trinidad and Tobago,TTO,Population growth (annual %),SP.POP.GROW,0.579036711567976,0.778994109506155,0.538824146577348,0.400859959050308,0.356379989236334,0.32088962269951,0.312772812072739,0.202027127649021,0.18852465203732,0.351942101931713,0.200680476473799,0.0609300519200696,-0.128266918103601,0.124756950526578
Tunisia,TUN,Population growth (annual %),SP.POP.GROW,1.07673286637757,1.10896127086771,1.12911133130148,1.18925109300243,1.18603354474404,1.12871973379756,1.10253911569433,1.05116025482594,0.982378425356264,0.926946081730267,0.830022185577052,0.620790374510459,0.585173208533683,0.666925034776371
Turkiye,TUR,Population growth (annual %),SP.POP.GROW,1.51943093763293,1.46777416449143,1.27471801981307,1.28441474668,1.3490889002021,1.33411577030414,1.34542593504869,1.29675571220462,1.35360298648434,1.42969688109789,0.970386031353162,0.910444902564511,0.984586244469359,0.406389351118662
Turkmenistan,TKM,Population growth (annual %),SP.POP.GROW,2.0473578649564,2.11713816000684,2.17776450077759,2.22679030905497,2.26303880447268,2.28610385900461,2.2945212778352,2.28530711165221,2.25592915498978,2.20552575085177,2.12265535789649,2.02444537373143,1.92922787802207,1.83970100027524
Turks and Caicos Islands,TCA,Population growth (annual %),SP.POP.GROW,3.94722663611378,3.65477665825526,4.06897157854252,4.64054070760549,4.06734083176964,4.34092296180069,4.56566213237616,4.08606209437612,4.04120189777229,3.79390439929271,2.78709560637585,1.91238576461203,1.32618037626777,0.762674129802692
Tuvalu,TUV,Population growth (annual %),SP.POP.GROW,1.45198280440794,1.55186810751479,1.41846349919564,0.610897728449108,-0.154650929162867,-0.1913701773267,-0.301466450395575,-0.559660160739733,-1.09159270779589,-1.59388335810663,-1.73502922439289,-1.99103357602457,-2.00145390945735,-1.77710654146662
Uganda,UGA,Population growth (annual %),SP.POP.GROW,2.9438913354304,2.93194913680129,2.90422608403173,2.86955163863091,2.95144499872136,3.07329293941893,3.32192491389275,3.49059590870242,3.39741097582772,3.39132142318772,3.33341751069644,3.21773661761443,3.00759449042677,2.80083228962433
Ukraine,UKR,Population growth (annual %),SP.POP.GROW,-0.360396778842802,-0.319413470604977,-0.211412120058561,-0.180396113217713,-0.335269423483557,-0.40865263025121,-0.36774838525265,-0.397112648136029,-0.501151978990809,-0.557746010589576,-0.619037730087783,-0.857231073467664,-7.61932022603164,-8.42300777431605
United Arab Emirates,ARE,Population growth (annual %),SP.POP.GROW,2.39801204084647,3.35932096341285,3.95899214220379,3.99911978796443,4.65292210905658,5.38380162241984,4.93046894788046,3.17379785893425,1.32986873264335,1.0545163442516,-0.474850154644905,1.83513009029147,5.08834153373914,3.97717097504667
United Kingdom,GBR,Population growth (annual %),SP.POP.GROW,0.783888646646516,0.781506562236639,0.695353132322269,0.669740535540783,0.736463978721671,0.792367505802859,0.757874492811929,0.679374473924223,0.605929132212552,0.564131113399897,0.365758263815142,-0.0819372405302065,1.13444824466953,0.821212039762055
United States,USA,Population growth (annual %),SP.POP.GROW,0.829616674709795,0.726786704810745,0.733599941250847,0.692860276624581,0.733361519937424,0.73621730882542,0.724676067451429,0.63264399508256,0.526435395564053,0.455381285963537,0.968999515833015,0.157342694282194,0.367472693654024,0.491924871690548
Upper middle income,UMC,Population growth (annual %),SP.POP.GROW,0.802868677148538,0.828195841162469,0.91432908414248,0.923556396405672,0.88066562150162,0.837463430576861,0.802287849719534,0.807300667606043,0.751260585469637,0.671669262691424,0.54155892674595,0.402836400680613,0.256895686238963,0.22066061455746
Uruguay,URY,Population growth (annual %),SP.POP.GROW,0.256129913246022,0.248141512237734,0.257451630638359,0.297452387025821,0.328187100513488,0.347483697847475,0.333941294134426,0.270549143036717,0.179744266709225,0.0786838170441181,0.0518527053450753,-0.0668956092956434,-0.170369337727093,-0.0835522251458198
Uzbekistan,UZB,Population growth (annual %),SP.POP.GROW,1.58433607799586,1.5301816854096,1.51059514364954,1.56705560068108,1.66460383205049,1.72657003352444,1.7256215086876,1.69442489458676,1.72706882389247,1.80974442927918,1.86830671569358,1.9382099918182,2.00999064709715,2.02114614047908
Vanuatu,VUT,Population growth (annual %),SP.POP.GROW,2.34288677835416,2.16980126854337,2.19727458776971,2.22472000551293,2.23741755913055,2.22716537972059,2.22459321328248,2.3321325606252,2.39543458138902,2.33048915705222,2.32661131084294,2.31850921412366,2.31965082626492,2.32481600892244
"Venezuela, RB",VEN,Population growth (annual %),SP.POP.GROW,1.30934216855774,1.28319630933634,1.25510683013417,1.20531461336652,1.13646612916995,1.0518040406043,0.62520243689416,-0.653495206896492,-2.51030049026678,-2.96041293052007,-1.72190477685565,-0.727752243229035,-0.087895947265923,0.310851368612458
Viet Nam,VNM,Population growth (annual %),SP.POP.GROW,1.14440259659988,1.15183406119192,1.1709874078049,1.1802975549343,1.21423463554626,1.23975403093124,1.25988366517733,1.24420473643635,1.10791395242199,0.968366698803348,0.927434295850725,0.868883560805873,0.750756665157789,0.671429250652247
Virgin Islands (U.S.),VIR,Population growth (annual %),SP.POP.GROW,-0.0433657352905335,-0.0618517700554086,-0.0942359108531572,-0.135966981900308,-0.147274749553357,-0.157703864887906,-0.182132486647949,-0.218811336994337,-0.261338011929093,-0.310759832621892,-0.35593743409178,-0.395928119020198,-0.432595819529278,-0.471640678399366
West Bank and Gaza,PSE,Population growth (annual %),SP.POP.GROW,2.59703221798976,2.52518683079236,2.46768715003228,2.40084831983677,2.3440772109436,2.29048005844149,2.24610527580178,1.98868634871278,2.5330114844554,2.51178246264674,2.48654993848325,2.45703865277568,2.42553777623863,2.39326476511584
World,WLD,Population growth (annual %),SP.POP.GROW,1.22239197201142,1.22174613909627,1.26463690642045,1.24722508489883,1.21943727013094,1.19066977948263,1.16981715807893,1.13687922861507,1.0819551802425,1.0445945731532,1.01900314865051,0.827958342423059,0.868521303064256,0.899807857183859
"Yemen, Rep.",YEM,Population growth (annual %),SP.POP.GROW,3.13856389755931,3.04974468373417,3.03772906888376,3.04562687085895,3.06832379522527,3.04025873247851,3.00213847021681,3.01222786189552,2.96037896642737,2.96633475184571,2.87320414785733,2.74426152997255,2.87334358526139,3.00980765711571
Zambia,ZMB,Population growth (annual %),SP.POP.GROW,3.46192274224024,3.32527568350911,3.24260026203654,3.20268845716982,3.17220342906789,3.12013727876838,3.09409054089327,3.06754137743233,3.0060186177754,2.96162166175699,2.9041649369132,2.81534240626742,2.76365042984169,2.79406758723844
Zimbabwe,ZWE,Population growth (annual %),SP.POP.GROW,1.61334322032425,1.7726514046574,1.62306467591426,1.40792169753746,1.37169405347957,1.3399592762046,1.38820029316449,1.44285382068925,1.48741637841697,1.56353351552455,1.65935280874134,1.72601114303872,1.7062092862652,1.67709591394986
,,,,,,,,,,,,,,,,,
,,,,,,,,,,,,,,,,,
,,,,,,,,,,,,,,,,,
Data from database: World Development Indicators,,,,,,,,,,,,,,,,,
Last Updated: 01/28/2025,,,,,,,,,,,,,,,,,
